{"metadata":{"usedHelpers":[],"marked":[],"modules":{"imports":[],"exports":{"exported":[],"specifiers":[]}}},"options":{"filename":"/lib/avatars/config.js","filenameRelative":"/lib/avatars/config.js","env":{},"retainLines":false,"highlightCode":true,"suppressDeprecationMessages":false,"presets":[],"plugins":[[[],null],[[],null],[[],null],[[],null],[[],null],[[],null],[[],null],[[],{"polyfill":false}],[[],null],[[],null],[[],null],[[],null],[[],null],[[],null],[[],null],[[],null],[[],{"loose":true}],[[],{"loose":true}],[[],null],[[],{"loose":true}],[[],null],[[],null],[[],{"allowTopLevelThis":true,"strict":false,"loose":true}],[[],null],[[],null],[[],null],[[],null],[[],null],[[],{"loose":true}],[[],null],[[],null],[[],null],[[],null],[[],null],[[],null],[[],null],[[],null]],"ignore":[],"code":true,"metadata":true,"ast":false,"comments":true,"compact":false,"minified":false,"sourceMap":true,"sourceMaps":true,"sourceMapTarget":"/lib/avatars/config.js.map","sourceFileName":"/lib/avatars/config.js","babelrc":false,"sourceType":"module","moduleIds":false,"passPerPreset":false,"basename":"config"},"ignored":false,"code":"Avatar.setOptions({\n  imageSizes: {\n    'extra-large': 200,\n    'extra-small': 20\n  }\n});","ast":null,"map":{"version":3,"sources":["/lib/avatars/config.js"],"names":[],"mappings":"AAAA,OAAO,UAAP,CAAkB;AAChB,cAAY;AACV,mBAAe,GAAf;AACA,mBAAe,EAAf;GAFF;CADF","file":"/lib/avatars/config.js.map","sourcesContent":["Avatar.setOptions({\n  imageSizes: {\n    'extra-large': 200,\n    'extra-small': 20\n  }\n});\n"]},"hash":"1b332f656fa9d38cc3ee77243d1db3c635e08a31"}
