{"metadata":{"usedHelpers":[],"marked":[],"modules":{"imports":[],"exports":{"exported":[],"specifiers":[]}}},"options":{"filename":"/client/lib/subscriptions.js","filenameRelative":"/client/lib/subscriptions.js","env":{},"retainLines":false,"highlightCode":true,"suppressDeprecationMessages":false,"presets":[],"plugins":[[[],null],[[],null],[[],null],[[],null],[[],null],[[],null],[[],null],[[],{"polyfill":false}],[[],null],[[],null],[[],null],[[],null],[[],null],[[],null],[[],null],[[],null],[[],{"loose":true}],[[],{"loose":true}],[[],null],[[],{"loose":true}],[[],null],[[],null],[[],{"allowTopLevelThis":true,"strict":false,"loose":true}],[[],null],[[],null],[[],null],[[],null],[[],null],[[],{"loose":true}],[[],null],[[],null],[[],null],[[],null],[[],null],[[],null],[[],null],[[],null]],"ignore":[],"code":true,"metadata":true,"ast":false,"comments":true,"compact":false,"minified":false,"sourceMap":true,"sourceMaps":true,"sourceMapTarget":"/client/lib/subscriptions.js.map","sourceFileName":"/client/lib/subscriptions.js","babelrc":false,"sourceType":"module","moduleIds":false,"passPerPreset":false,"basename":"subscriptions"},"ignored":false,"code":"Meteor.subscribe('userStatus');","ast":null,"map":{"version":3,"sources":["/client/lib/subscriptions.js"],"names":[],"mappings":"AAAA,OAAO,SAAP,CAAiB,YAAjB","file":"/client/lib/subscriptions.js.map","sourcesContent":["Meteor.subscribe('userStatus');\n"]},"hash":"2138afe4f9fdb4cfda528ec0d4e57bfe42070a6a"}
