{"metadata":{"usedHelpers":[],"marked":[],"modules":{"imports":[],"exports":{"exported":[],"specifiers":[]}}},"options":{"filename":"/client/views/users/update_profile.js","filenameRelative":"/client/views/users/update_profile.js","env":{},"retainLines":false,"highlightCode":true,"suppressDeprecationMessages":false,"presets":[],"plugins":[[[],null],[[],null],[[],null],[[],null],[[],null],[[],null],[[],null],[[],{"polyfill":false}],[[],null],[[],null],[[],null],[[],null],[[],null],[[],null],[[],null],[[],null],[[],{"loose":true}],[[],{"loose":true}],[[],null],[[],{"loose":true}],[[],null],[[],null],[[],{"allowTopLevelThis":true,"strict":false,"loose":true}],[[],null],[[],null],[[],null],[[],null],[[],null],[[],{"loose":true}],[[],null],[[],null],[[],null],[[],null],[[],null],[[],null],[[],null],[[],null]],"ignore":[],"code":true,"metadata":true,"ast":false,"comments":true,"compact":false,"minified":false,"sourceMap":true,"sourceMaps":true,"sourceMapTarget":"/client/views/users/update_profile.js.map","sourceFileName":"/client/views/users/update_profile.js","babelrc":false,"sourceType":"module","moduleIds":false,"passPerPreset":false,"basename":"update_profile"},"ignored":false,"code":"Template.updateProfile.onCreated(function () {\n  var _this = this;\n\n  this.searchQuery = new ReactiveVar('');\n  this.limit = new ReactiveVar(20);\n  this.usersCount = new ReactiveVar(0);\n\n  this.autorun(function () {\n    // Set subscriptions\n    _this.subscribe('users.all', _this.searchQuery.get(), _this.limit.get());\n    _this.usersCount.set(Counts.get('users.all'));\n\n    // Get current user's social media accounts\n    var currentUser = Meteor.users.findOne({ _id: Meteor.userId() });\n\n    // Display social media links\n    if (currentUser && currentUser.socialMedia) {\n      $('#socialMediaAccounts').empty();\n      for (var prop in meteorBabelHelpers.sanitizeForInObject(currentUser.socialMedia)) {\n        var smLink = '<a id=\"' + prop + '\" class=\"smAccount\" href=\"' + currentUser.socialMedia[prop] + '\"><img src=\"/img/' + prop + '.svg\"/></a>';\n        $(smLink).appendTo('#socialMediaAccounts');\n      }\n    }\n  });\n});\n\nTemplate.updateProfile.onRendered(function () {\n  $('input[type=submit]').addClass('disabled');\n  Session.set('startingBio', $('[data-id=biography]').val());\n});\n\nTemplate.updateProfile.events({\n  'keyup [data-id=biography], keyup [data-id=addSocialMedia]': function () {\n    function keyupDataIdBiographyKeyupDataIdAddSocialMedia(event, template) {\n      // If bio section has changed or social media section has text enable the submit button, else disable it\n      if (template.find('[data-id=biography]').value !== Session.get('startingBio') || template.find('[data-id=addSocialMedia]').value.toString().trim() !== '') {\n        $('input[type=submit]').removeClass('disabled');\n      } else {\n        $('input[type=submit]').addClass('disabled');\n      }\n    }\n\n    return keyupDataIdBiographyKeyupDataIdAddSocialMedia;\n  }(),\n\n  'submit [data-id=update-profile-form]': function () {\n    function submitDataIdUpdateProfileForm(event, template) {\n      event.preventDefault();\n\n      // Only continue if button isn't disabled\n      if (!$('input[type=submit]').hasClass('disabled')) {\n        (function () {\n          var user = {\n            biography: template.find('[data-id=biography]').value,\n            socialMedia: {}\n          };\n\n          // Get current social media accounts for this user\n          user.socialMedia = Meteor.users.findOne({ _id: Meteor.userId() }).socialMedia || {};\n\n          var bioChanged = false,\n              numSmAdded = 0,\n              numInvalidSm = 0;\n          if (user.biography !== Session.get('startingBio')) {\n            bioChanged = true;\n          }\n\n          // Add social media accounts if any were entered\n          var newSocialMedia = template.find('[data-id=addSocialMedia]').value.toString().split(',');\n          for (var x = 0; x < newSocialMedia.length; x++) {\n            newSocialMedia[x] = newSocialMedia[x].trim();\n\n            if (newSocialMedia[x] !== '') {\n              if (newSocialMedia[x].indexOf('http://') === -1 && newSocialMedia[x].indexOf('https://') === -1) {\n                newSocialMedia[x] = 'http://' + newSocialMedia[x];\n              }\n\n              if (newSocialMedia[x].toLowerCase().indexOf('facebook') !== -1) {\n                user.socialMedia.facebook = newSocialMedia[x];\n                numSmAdded++;\n              } else if (newSocialMedia[x].toLowerCase().indexOf('twitter') !== -1) {\n                user.socialMedia.twitter = newSocialMedia[x];\n                numSmAdded++;\n              } else if (newSocialMedia[x].toLowerCase().indexOf('linkedin') !== -1) {\n                user.socialMedia.linkedin = newSocialMedia[x];\n                numSmAdded++;\n              } else if (newSocialMedia[x].toLowerCase().indexOf('instagram') !== -1) {\n                user.socialMedia.instagram = newSocialMedia[x];\n                numSmAdded++;\n              } else if (newSocialMedia[x].toLowerCase().indexOf('plus.google') !== -1) {\n                user.socialMedia.googlePlus = newSocialMedia[x];\n                numSmAdded++;\n              } else if (newSocialMedia[x].toLowerCase().indexOf('github') !== -1) {\n                user.socialMedia.github = newSocialMedia[x];\n                numSmAdded++;\n              } else if (newSocialMedia[x].toLowerCase().indexOf('youtube') !== -1) {\n                user.socialMedia.youtube = newSocialMedia[x];\n                numSmAdded++;\n              } else {\n                numInvalidSm++;\n              }\n            }\n          }\n\n          if (bioChanged || numSmAdded > 0) {\n            Meteor.call('users.updateProfile', user, function (error, result) {\n              if (error) {\n                Bert.alert(error.reason, 'danger', 'growl-top-right');\n              } else {\n                if (numInvalidSm > 0) {\n                  Bert.alert('Profile updated but some social media links were invalid', 'success', 'growl-top-right');\n                } else {\n                  Bert.alert('Profile successfully updated', 'success', 'growl-top-right');\n                }\n\n                template.find('[data-id=addSocialMedia]').value = '';\n              }\n            });\n          } else {\n            Bert.alert('Invalid social media links', 'danger', 'growl-top-right');\n          }\n        })();\n      }\n    }\n\n    return submitDataIdUpdateProfileForm;\n  }()\n});","ast":null,"map":{"version":3,"sources":["/client/views/users/update_profile.js"],"names":[],"mappings":"AAAA,SAAS,aAAT,CAAuB,SAAvB,CAAiC,YAAW;;;AAC1C,OAAK,WAAL,GAAmB,IAAI,WAAJ,CAAgB,EAAhB,CAAnB,CAD0C;AAE1C,OAAK,KAAL,GAAa,IAAI,WAAJ,CAAgB,EAAhB,CAAb,CAF0C;AAG1C,OAAK,UAAL,GAAkB,IAAI,WAAJ,CAAgB,CAAhB,CAAlB,CAH0C;;AAK1C,OAAK,OAAL,CAAa,YAAM;;AAEjB,UAAK,SAAL,CAAe,WAAf,EAA4B,MAAK,WAAL,CAAiB,GAAjB,EAA5B,EAAoD,MAAK,KAAL,CAAW,GAAX,EAApD,EAFiB;AAGjB,UAAK,UAAL,CAAgB,GAAhB,CAAoB,OAAO,GAAP,CAAW,WAAX,CAApB;;;AAHiB,QAMb,cAAc,OAAO,KAAP,CAAa,OAAb,CAAqB,EAAC,KAAK,OAAO,MAAP,EAAL,EAAtB,CAAd;;;AANa,QASb,eAAe,YAAY,WAAZ,EAAyB;AAC1C,QAAE,sBAAF,EAA0B,KAA1B,GAD0C;AAE1C,WAAK,IAAI,IAAJ,2CAAY,YAAY,WAAZ,CAAjB,EAA0C;AACxC,YAAI,SAAS,YAAY,IAAZ,GAAmB,4BAAnB,GAAkD,YAAY,WAAZ,CAAwB,IAAxB,CAAlD,GAAkF,mBAAlF,GAAwG,IAAxG,GAA+G,aAA/G,CAD2B;AAExC,UAAE,MAAF,EAAU,QAAV,CAAmB,sBAAnB,EAFwC;OAA1C;KAFF;GATW,CAAb,CAL0C;CAAX,CAAjC;;AAwBA,SAAS,aAAT,CAAuB,UAAvB,CAAkC,YAAW;AAC3C,IAAE,oBAAF,EAAwB,QAAxB,CAAiC,UAAjC,EAD2C;AAE3C,UAAQ,GAAR,CAAY,aAAZ,EAA2B,EAAE,qBAAF,EAAyB,GAAzB,EAA3B,EAF2C;CAAX,CAAlC;;AAKA,SAAS,aAAT,CAAuB,MAAvB,CAA8B;AAC5B;AAA6D,2DAAC,KAAD,EAAQ,QAAR,EAAqB;;AAEhF,UAAI,SAAS,IAAT,CAAc,qBAAd,EAAqC,KAArC,KAA+C,QAAQ,GAAR,CAAY,aAAZ,CAA/C,IACJ,SAAS,IAAT,CAAc,0BAAd,EAA0C,KAA1C,CAAgD,QAAhD,GAA2D,IAA3D,OAAsE,EAAtE,EAA0E;AACxE,UAAE,oBAAF,EAAwB,WAAxB,CAAoC,UAApC,EADwE;OAD1E,MAGO;AACL,UAAE,oBAAF,EAAwB,QAAxB,CAAiC,UAAjC,EADK;OAHP;KAF2D;;;KAA7D;;AAUA;AAAwC,2CAAC,KAAD,EAAQ,QAAR,EAAqB;AAC3D,YAAM,cAAN;;;AAD2D,UAIvD,CAAC,EAAE,oBAAF,EAAwB,QAAxB,CAAiC,UAAjC,CAAD,EAA+C;;AACjD,cAAI,OAAO;AACT,uBAAW,SAAS,IAAT,CAAc,qBAAd,EAAqC,KAArC;AACX,yBAAa,EAAb;WAFE;;;AAMJ,eAAK,WAAL,GAAmB,OAAO,KAAP,CAAa,OAAb,CAAqB,EAAC,KAAK,OAAO,MAAP,EAAL,EAAtB,EAA6C,WAA7C,IAA4D,EAA5D;;AAEnB,cAAI,aAAa,KAAb;cACA,aAAa,CAAb;cACA,eAAe,CAAf;AACJ,cAAI,KAAK,SAAL,KAAmB,QAAQ,GAAR,CAAY,aAAZ,CAAnB,EAA+C;AACjD,yBAAa,IAAb,CADiD;WAAnD;;;AAKA,cAAI,iBAAiB,SAAS,IAAT,CAAc,0BAAd,EAA0C,KAA1C,CAAgD,QAAhD,GAA2D,KAA3D,CAAiE,GAAjE,CAAjB;AACJ,eAAK,IAAI,IAAI,CAAJ,EAAO,IAAI,eAAe,MAAf,EAAuB,GAA3C,EAAgD;AAC9C,2BAAe,CAAf,IAAoB,eAAe,CAAf,EAAkB,IAAlB,EAApB,CAD8C;;AAG9C,gBAAI,eAAe,CAAf,MAAsB,EAAtB,EAA0B;AAC5B,kBAAI,eAAe,CAAf,EAAkB,OAAlB,CAA0B,SAA1B,MAAyC,CAAC,CAAD,IAAM,eAAe,CAAf,EAAkB,OAAlB,CAA0B,UAA1B,MAA0C,CAAC,CAAD,EAAI;AAC/F,+BAAe,CAAf,IAAoB,YAAY,eAAe,CAAf,CAAZ,CAD2E;eAAjG;;AAIA,kBAAI,eAAe,CAAf,EAAkB,WAAlB,GAAgC,OAAhC,CAAwC,UAAxC,MAAwD,CAAC,CAAD,EAAI;AAC9D,qBAAK,WAAL,CAAiB,QAAjB,GAA4B,eAAe,CAAf,CAA5B,CAD8D;AAE9D,6BAF8D;eAAhE,MAGO,IAAI,eAAe,CAAf,EAAkB,WAAlB,GAAgC,OAAhC,CAAwC,SAAxC,MAAuD,CAAC,CAAD,EAAI;AACpE,qBAAK,WAAL,CAAiB,OAAjB,GAA2B,eAAe,CAAf,CAA3B,CADoE;AAEpE,6BAFoE;eAA/D,MAGA,IAAI,eAAe,CAAf,EAAkB,WAAlB,GAAgC,OAAhC,CAAwC,UAAxC,MAAwD,CAAC,CAAD,EAAI;AACrE,qBAAK,WAAL,CAAiB,QAAjB,GAA4B,eAAe,CAAf,CAA5B,CADqE;AAErE,6BAFqE;eAAhE,MAGA,IAAI,eAAe,CAAf,EAAkB,WAAlB,GAAgC,OAAhC,CAAwC,WAAxC,MAAyD,CAAC,CAAD,EAAI;AACtE,qBAAK,WAAL,CAAiB,SAAjB,GAA6B,eAAe,CAAf,CAA7B,CADsE;AAEtE,6BAFsE;eAAjE,MAGA,IAAI,eAAe,CAAf,EAAkB,WAAlB,GAAgC,OAAhC,CAAwC,aAAxC,MAA2D,CAAC,CAAD,EAAI;AACxE,qBAAK,WAAL,CAAiB,UAAjB,GAA8B,eAAe,CAAf,CAA9B,CADwE;AAExE,6BAFwE;eAAnE,MAGA,IAAI,eAAe,CAAf,EAAkB,WAAlB,GAAgC,OAAhC,CAAwC,QAAxC,MAAsD,CAAC,CAAD,EAAI;AACnE,qBAAK,WAAL,CAAiB,MAAjB,GAA0B,eAAe,CAAf,CAA1B,CADmE;AAEnE,6BAFmE;eAA9D,MAGA,IAAI,eAAe,CAAf,EAAkB,WAAlB,GAAgC,OAAhC,CAAwC,SAAxC,MAAuD,CAAC,CAAD,EAAI;AACpE,qBAAK,WAAL,CAAiB,OAAjB,GAA2B,eAAe,CAAf,CAA3B,CADoE;AAEpE,6BAFoE;eAA/D,MAGA;AACL,+BADK;eAHA;aAvBT;WAHF;;AAmCA,cAAI,cAAc,aAAa,CAAb,EAAgB;AAChC,mBAAO,IAAP,CAAY,qBAAZ,EAAmC,IAAnC,EAAyC,UAAC,KAAD,EAAQ,MAAR,EAAmB;AAC1D,kBAAI,KAAJ,EAAW;AACT,qBAAK,KAAL,CAAW,MAAM,MAAN,EAAc,QAAzB,EAAmC,iBAAnC,EADS;eAAX,MAEO;AACL,oBAAI,eAAe,CAAf,EAAkB;AACpB,uBAAK,KAAL,CAAW,0DAAX,EAAuE,SAAvE,EAAkF,iBAAlF,EADoB;iBAAtB,MAEO;AACL,uBAAK,KAAL,CAAW,8BAAX,EAA2C,SAA3C,EAAsD,iBAAtD,EADK;iBAFP;;AAMA,yBAAS,IAAT,CAAc,0BAAd,EAA0C,KAA1C,GAAkD,EAAlD,CAPK;eAFP;aADuC,CAAzC,CADgC;WAAlC,MAcO;AACL,iBAAK,KAAL,CAAW,4BAAX,EAAyC,QAAzC,EAAmD,iBAAnD,EADK;WAdP;aArDiD;OAAnD;KAJsC;;;KAAxC;CAXF","file":"/client/views/users/update_profile.js.map","sourcesContent":["Template.updateProfile.onCreated(function() {\n  this.searchQuery = new ReactiveVar('');\n  this.limit = new ReactiveVar(20);\n  this.usersCount = new ReactiveVar(0);\n\n  this.autorun(() => {\n    // Set subscriptions\n    this.subscribe('users.all', this.searchQuery.get(), this.limit.get());\n    this.usersCount.set(Counts.get('users.all'));\n\n    // Get current user's social media accounts\n    let currentUser = Meteor.users.findOne({_id: Meteor.userId()});\n\n    // Display social media links\n    if (currentUser && currentUser.socialMedia) {\n      $('#socialMediaAccounts').empty();\n      for (var prop in currentUser.socialMedia) {\n        let smLink = '<a id=\"' + prop + '\" class=\"smAccount\" href=\"' + currentUser.socialMedia[prop] + '\"><img src=\"/img/' + prop + '.svg\"/></a>';\n        $(smLink).appendTo('#socialMediaAccounts');\n      }\n    }\n  });\n});\n\nTemplate.updateProfile.onRendered(function() {\n  $('input[type=submit]').addClass('disabled');\n  Session.set('startingBio', $('[data-id=biography]').val());\n});\n\nTemplate.updateProfile.events({\n  'keyup [data-id=biography], keyup [data-id=addSocialMedia]': (event, template) => {\n    // If bio section has changed or social media section has text enable the submit button, else disable it\n    if (template.find('[data-id=biography]').value !== Session.get('startingBio') || \n    template.find('[data-id=addSocialMedia]').value.toString().trim() !== '') {\n      $('input[type=submit]').removeClass('disabled');\n    } else {\n      $('input[type=submit]').addClass('disabled');\n    }\n  },\n\n  'submit [data-id=update-profile-form]': (event, template) => {\n    event.preventDefault();\n\n    // Only continue if button isn't disabled\n    if (!$('input[type=submit]').hasClass('disabled')) {\n      let user = {\n        biography: template.find('[data-id=biography]').value,\n        socialMedia: { }\n      };\n\n      // Get current social media accounts for this user\n      user.socialMedia = Meteor.users.findOne({_id: Meteor.userId()}).socialMedia || {}; \n\n      let bioChanged = false,\n          numSmAdded = 0,\n          numInvalidSm = 0;\n      if (user.biography !== Session.get('startingBio')) {\n        bioChanged = true;\n      }\n\n      // Add social media accounts if any were entered\n      let newSocialMedia = template.find('[data-id=addSocialMedia]').value.toString().split(',');\n      for (let x = 0; x < newSocialMedia.length; x++) {\n        newSocialMedia[x] = newSocialMedia[x].trim();\n\n        if (newSocialMedia[x] !== '') {\n          if (newSocialMedia[x].indexOf('http://') === -1 && newSocialMedia[x].indexOf('https://') === -1) {\n            newSocialMedia[x] = 'http://' + newSocialMedia[x];\n          }\n\n          if (newSocialMedia[x].toLowerCase().indexOf('facebook') !== -1) {\n            user.socialMedia.facebook = newSocialMedia[x];\n            numSmAdded++;\n          } else if (newSocialMedia[x].toLowerCase().indexOf('twitter') !== -1) {\n            user.socialMedia.twitter = newSocialMedia[x];\n            numSmAdded++;\n          } else if (newSocialMedia[x].toLowerCase().indexOf('linkedin') !== -1) {\n            user.socialMedia.linkedin = newSocialMedia[x];\n            numSmAdded++;\n          } else if (newSocialMedia[x].toLowerCase().indexOf('instagram') !== -1) {\n            user.socialMedia.instagram = newSocialMedia[x];\n            numSmAdded++;\n          } else if (newSocialMedia[x].toLowerCase().indexOf('plus.google') !== -1) {\n            user.socialMedia.googlePlus = newSocialMedia[x];\n            numSmAdded++;\n          } else if (newSocialMedia[x].toLowerCase().indexOf('github') !== -1) {\n            user.socialMedia.github = newSocialMedia[x];\n            numSmAdded++;\n          } else if (newSocialMedia[x].toLowerCase().indexOf('youtube') !== -1) {\n            user.socialMedia.youtube = newSocialMedia[x];\n            numSmAdded++;\n          } else {\n            numInvalidSm++;\n          }\n        }\n      }\n\n      if (bioChanged || numSmAdded > 0) {\n        Meteor.call('users.updateProfile', user, (error, result) => {\n          if (error) {\n            Bert.alert(error.reason, 'danger', 'growl-top-right');\n          } else {\n            if (numInvalidSm > 0) {\n              Bert.alert('Profile updated but some social media links were invalid', 'success', 'growl-top-right');\n            } else {\n              Bert.alert('Profile successfully updated', 'success', 'growl-top-right');\n            }\n\n            template.find('[data-id=addSocialMedia]').value = '';\n          }\n        });\n      } else {\n        Bert.alert('Invalid social media links', 'danger', 'growl-top-right');\n      }\n    }\n  }\n});\n"]},"hash":"2b3abc57b60a12f1b5655c2920aeaea55ee5265d"}
