{"metadata":{"usedHelpers":[],"marked":[],"modules":{"imports":[],"exports":{"exported":[],"specifiers":[]}}},"options":{"filename":"/client/views/users/browse_users.js","filenameRelative":"/client/views/users/browse_users.js","env":{},"retainLines":false,"highlightCode":true,"suppressDeprecationMessages":false,"presets":[],"plugins":[[[],null],[[],null],[[],null],[[],null],[[],null],[[],null],[[],null],[[],{"polyfill":false}],[[],null],[[],null],[[],null],[[],null],[[],null],[[],null],[[],null],[[],null],[[],{"loose":true}],[[],{"loose":true}],[[],null],[[],{"loose":true}],[[],null],[[],null],[[],{"allowTopLevelThis":true,"strict":false,"loose":true}],[[],null],[[],null],[[],null],[[],null],[[],null],[[],{"loose":true}],[[],null],[[],null],[[],null],[[],null],[[],null],[[],null],[[],null],[[],null]],"ignore":[],"code":true,"metadata":true,"ast":false,"comments":true,"compact":false,"minified":false,"sourceMap":true,"sourceMaps":true,"sourceMapTarget":"/client/views/users/browse_users.js.map","sourceFileName":"/client/views/users/browse_users.js","babelrc":false,"sourceType":"module","moduleIds":false,"passPerPreset":false,"basename":"browse_users"},"ignored":false,"code":"Template.browseUsers.events({\n  'click [data-id=load-more]': function () {\n    function clickDataIdLoadMore(event, template) {\n      template.limit.set(template.limit.get() + 20);\n    }\n\n    return clickDataIdLoadMore;\n  }(),\n\n  'keyup [data-id=search-query]': _.debounce(function (event, template) {\n    event.preventDefault();\n    template.searchQuery.set(template.find('[data-id=search-query]').value);\n    template.limit.set(20);\n  }, 300),\n\n  'submit [data-id=search-users-form]': function () {\n    function submitDataIdSearchUsersForm(event, template) {\n      event.preventDefault();\n    }\n\n    return submitDataIdSearchUsersForm;\n  }()\n});\n\nTemplate.browseUsers.helpers({\n  users: function () {\n    function users() {\n      return Meteor.users.find({ _id: { $ne: Meteor.userId() } }, { sort: { createdAt: -1 } });\n    }\n\n    return users;\n  }(),\n\n  hasMoreUsers: function () {\n    function hasMoreUsers() {\n      return Template.instance().limit.get() <= Template.instance().usersCount.get();\n    }\n\n    return hasMoreUsers;\n  }()\n});\n\nTemplate.browseUsers.onCreated(function () {\n  var _this = this;\n\n  this.searchQuery = new ReactiveVar('');\n  this.limit = new ReactiveVar(20);\n  this.usersCount = new ReactiveVar(0);\n\n  this.autorun(function () {\n    _this.subscribe('users.all', _this.searchQuery.get(), _this.limit.get());\n    _this.usersCount.set(Counts.get('users.all'));\n  });\n});","ast":null,"map":{"version":3,"sources":["/client/views/users/browse_users.js"],"names":[],"mappings":"AAAA,SAAS,WAAT,CAAqB,MAArB,CAA4B;AAC1B;AAA6B,iCAAC,KAAD,EAAQ,QAAR,EAAqB;AAChD,eAAS,KAAT,CAAe,GAAf,CAAmB,SAAS,KAAT,CAAe,GAAf,KAAuB,EAAvB,CAAnB,CADgD;KAArB;;;KAA7B;;AAIA,kCAAgC,EAAE,QAAF,CAAW,UAAC,KAAD,EAAQ,QAAR,EAAqB;AAC9D,UAAM,cAAN,GAD8D;AAE9D,aAAS,WAAT,CAAqB,GAArB,CAAyB,SAAS,IAAT,CAAc,wBAAd,EAAwC,KAAxC,CAAzB,CAF8D;AAG9D,aAAS,KAAT,CAAe,GAAf,CAAmB,EAAnB,EAH8D;GAArB,EAIxC,GAJ6B,CAAhC;;AAMA;AAAsC,yCAAC,KAAD,EAAQ,QAAR,EAAqB;AACzD,YAAM,cAAN,GADyD;KAArB;;;KAAtC;CAXF;;AAgBA,SAAS,WAAT,CAAqB,OAArB,CAA6B;AAC3B;AAAO,qBAAM;AACX,aAAO,OAAO,KAAP,CAAa,IAAb,CAAkB,EAAE,KAAK,EAAE,KAAK,OAAO,MAAP,EAAL,EAAP,EAApB,EAAqD,EAAE,MAAM,EAAE,WAAW,CAAC,CAAD,EAAnB,EAAvD,CAAP,CADW;KAAN;;;KAAP;;AAIA;AAAc,4BAAM;AAClB,aAAO,SAAS,QAAT,GAAoB,KAApB,CAA0B,GAA1B,MAAmC,SAAS,QAAT,GAAoB,UAApB,CAA+B,GAA/B,EAAnC,CADW;KAAN;;;KAAd;CALF;;AAUA,SAAS,WAAT,CAAqB,SAArB,CAA+B,YAAW;;;AACxC,OAAK,WAAL,GAAmB,IAAI,WAAJ,CAAgB,EAAhB,CAAnB,CADwC;AAExC,OAAK,KAAL,GAAa,IAAI,WAAJ,CAAgB,EAAhB,CAAb,CAFwC;AAGxC,OAAK,UAAL,GAAkB,IAAI,WAAJ,CAAgB,CAAhB,CAAlB,CAHwC;;AAKxC,OAAK,OAAL,CAAa,YAAM;AACjB,UAAK,SAAL,CAAe,WAAf,EAA4B,MAAK,WAAL,CAAiB,GAAjB,EAA5B,EAAoD,MAAK,KAAL,CAAW,GAAX,EAApD,EADiB;AAEjB,UAAK,UAAL,CAAgB,GAAhB,CAAoB,OAAO,GAAP,CAAW,WAAX,CAApB,EAFiB;GAAN,CAAb,CALwC;CAAX,CAA/B","file":"/client/views/users/browse_users.js.map","sourcesContent":["Template.browseUsers.events({\n  'click [data-id=load-more]': (event, template) => {\n    template.limit.set(template.limit.get() + 20);\n  },\n\n  'keyup [data-id=search-query]': _.debounce((event, template) => {\n    event.preventDefault();\n    template.searchQuery.set(template.find('[data-id=search-query]').value);\n    template.limit.set(20);\n  }, 300),\n\n  'submit [data-id=search-users-form]': (event, template) => {\n    event.preventDefault();\n  }\n});\n\nTemplate.browseUsers.helpers({\n  users: () => {\n    return Meteor.users.find({ _id: { $ne: Meteor.userId() } }, { sort: { createdAt: -1 } });\n  },\n\n  hasMoreUsers: () => {\n    return Template.instance().limit.get() <= Template.instance().usersCount.get();\n  }\n});\n\nTemplate.browseUsers.onCreated(function() {\n  this.searchQuery = new ReactiveVar('');\n  this.limit = new ReactiveVar(20);\n  this.usersCount = new ReactiveVar(0);\n\n  this.autorun(() => {\n    this.subscribe('users.all', this.searchQuery.get(), this.limit.get());\n    this.usersCount.set(Counts.get('users.all'));\n  });\n});\n"]},"hash":"42de06d3a580d9fa7311c04e8f894f1e840ccc19"}
