{"metadata":{"usedHelpers":[],"marked":[],"modules":{"imports":[],"exports":{"exported":[],"specifiers":[]}}},"options":{"filename":"/client/lib/accounts/config.js","filenameRelative":"/client/lib/accounts/config.js","env":{},"retainLines":false,"highlightCode":true,"suppressDeprecationMessages":false,"presets":[],"plugins":[[[],null],[[],null],[[],null],[[],null],[[],null],[[],null],[[],null],[[],{"polyfill":false}],[[],null],[[],null],[[],null],[[],null],[[],null],[[],null],[[],null],[[],null],[[],{"loose":true}],[[],{"loose":true}],[[],null],[[],{"loose":true}],[[],null],[[],null],[[],{"allowTopLevelThis":true,"strict":false,"loose":true}],[[],null],[[],null],[[],null],[[],null],[[],null],[[],{"loose":true}],[[],null],[[],null],[[],null],[[],null],[[],null],[[],null],[[],null],[[],null]],"ignore":[],"code":true,"metadata":true,"ast":false,"comments":true,"compact":false,"minified":false,"sourceMap":true,"sourceMaps":true,"sourceMapTarget":"/client/lib/accounts/config.js.map","sourceFileName":"/client/lib/accounts/config.js","babelrc":false,"sourceType":"module","moduleIds":false,"passPerPreset":false,"basename":"config"},"ignored":false,"code":"AccountsTemplates.configure({\n  defaultLayout: 'layout',\n  defaultLayoutRegions: {\n    header: 'header' // ,\n    // footer: '_footer'\n  },\n  defaultContentRegion: 'main',\n  showForgotPasswordLink: true,\n  overrideLoginErrors: true,\n  enablePasswordChange: true,\n  sendVerificationEmail: true,\n  lowercaseUsername: false,\n\n  // enforceEmailVerification: true,\n  confirmPassword: true,\n  continuousValidation: true,\n  // displayFormLabels: true,\n  // forbidClientAccountCreation: false,\n  homeRoutePath: '/',\n  // showAddRemoveServices: false,\n  showPlaceholders: true,\n\n  negativeValidation: true,\n  positiveValidation: true,\n  negativeFeedback: false,\n  positiveFeedback: false,\n\n  // privacyUrl: 'privacy',\n  // termsUrl: 'terms',\n\n  texts: {\n    title: {\n      changePwd: 'Change password',\n      forgotPwd: 'Forgot password?',\n      resetPwd: 'Reset password',\n      signIn: 'Sign in',\n      signUp: 'Sign up',\n      verifyEmail: 'Verify Email'\n    },\n    button: {\n      changePwd: 'Change password',\n      enrollAccount: 'Enroll Text',\n      forgotPwd: 'Send reset link',\n      resetPwd: 'Reset Password',\n      signIn: 'Sign in',\n      signUp: 'Sign up'\n    }\n  }\n});\n\n// configuring useraccounts for login with both username or email\nvar pwd = AccountsTemplates.removeField('password');\nAccountsTemplates.removeField('email');\nAccountsTemplates.addFields([{\n  _id: 'email',\n  type: 'email',\n  required: true,\n  displayName: 'Email',\n  re: /.+@(.+){2,}\\.(.+){2,}/,\n  errStr: 'Invalid email'\n}, {\n  _id: 'username',\n  type: 'text',\n  displayName: 'Username',\n  required: true,\n  minLength: 4\n}, {\n  _id: 'username_and_email',\n  placeholder: 'Username or email',\n  type: 'text',\n  required: true,\n  displayName: 'Login'\n}, pwd]);\n\n// enable preconfigured Flow-Router routes by useraccounts:flow-router.\nAccountsTemplates.configureRoute('changePwd');\nAccountsTemplates.configureRoute('forgotPwd');\nAccountsTemplates.configureRoute('resetPwd');\nAccountsTemplates.configureRoute('signIn');\nAccountsTemplates.configureRoute('signUp');\nAccountsTemplates.configureRoute('verifyEmail');\n// AccountsTemplates.configureRoute('enrollAccount'); // for creating passwords after logging first time","ast":null,"map":{"version":3,"sources":["/client/lib/accounts/config.js"],"names":[],"mappings":"AAAA,kBAAkB,SAAlB,CAA4B;AAC1B,iBAAe,QAAf;AACA,wBAAsB;AACpB,YAAQ,QAAR;;AADoB,GAAtB;AAIA,wBAAsB,MAAtB;AACA,0BAAwB,IAAxB;AACA,uBAAqB,IAArB;AACA,wBAAsB,IAAtB;AACA,yBAAuB,IAAvB;AACA,qBAAmB,KAAnB;;;AAGA,mBAAiB,IAAjB;AACA,wBAAsB,IAAtB;;;AAGA,iBAAe,GAAf;;AAEA,oBAAkB,IAAlB;;AAEA,sBAAoB,IAApB;AACA,sBAAoB,IAApB;AACA,oBAAkB,KAAlB;AACA,oBAAkB,KAAlB;;;;;AAKA,SAAO;AACL,WAAO;AACL,iBAAW,iBAAX;AACA,iBAAW,kBAAX;AACA,gBAAU,gBAAV;AACA,cAAQ,SAAR;AACA,cAAQ,SAAR;AACA,mBAAa,cAAb;KANF;AAQA,YAAQ;AACN,iBAAW,iBAAX;AACA,qBAAe,aAAf;AACA,iBAAW,iBAAX;AACA,gBAAU,gBAAV;AACA,cAAQ,SAAR;AACA,cAAQ,SAAR;KANF;GATF;CA9BF;;;AAmDA,IAAI,MAAM,kBAAkB,WAAlB,CAA8B,UAA9B,CAAN;AACJ,kBAAkB,WAAlB,CAA8B,OAA9B;AACA,kBAAkB,SAAlB,CAA4B,CAC1B;AACE,OAAK,OAAL;AACA,QAAM,OAAN;AACA,YAAU,IAAV;AACA,eAAa,OAAb;AACA,MAAI,uBAAJ;AACA,UAAQ,eAAR;CAPwB,EAS1B;AACE,OAAK,UAAL;AACA,QAAM,MAAN;AACA,eAAa,UAAb;AACA,YAAU,IAAV;AACA,aAAW,CAAX;CAdwB,EAgB1B;AACE,OAAK,oBAAL;AACA,eAAa,mBAAb;AACA,QAAM,MAAN;AACA,YAAU,IAAV;AACA,eAAa,OAAb;CArBwB,EAuB1B,GAvB0B,CAA5B;;;AA2BA,kBAAkB,cAAlB,CAAiC,WAAjC;AACA,kBAAkB,cAAlB,CAAiC,WAAjC;AACA,kBAAkB,cAAlB,CAAiC,UAAjC;AACA,kBAAkB,cAAlB,CAAiC,QAAjC;AACA,kBAAkB,cAAlB,CAAiC,QAAjC;AACA,kBAAkB,cAAlB,CAAiC,aAAjC","file":"/client/lib/accounts/config.js.map","sourcesContent":["AccountsTemplates.configure({\n  defaultLayout: 'layout',\n  defaultLayoutRegions: {\n    header: 'header'// ,\n    // footer: '_footer'\n  },\n  defaultContentRegion: 'main',\n  showForgotPasswordLink: true,\n  overrideLoginErrors: true,\n  enablePasswordChange: true,\n  sendVerificationEmail: true,\n  lowercaseUsername: false,\n\n  // enforceEmailVerification: true,\n  confirmPassword: true,\n  continuousValidation: true,\n  // displayFormLabels: true,\n  // forbidClientAccountCreation: false,\n  homeRoutePath: '/',\n  // showAddRemoveServices: false,\n  showPlaceholders: true,\n\n  negativeValidation: true,\n  positiveValidation: true,\n  negativeFeedback: false,\n  positiveFeedback: false,\n\n  // privacyUrl: 'privacy',\n  // termsUrl: 'terms',\n\n  texts: {\n    title: {\n      changePwd: 'Change password',\n      forgotPwd: 'Forgot password?',\n      resetPwd: 'Reset password',\n      signIn: 'Sign in',\n      signUp: 'Sign up',\n      verifyEmail: 'Verify Email'\n    },\n    button: {\n      changePwd: 'Change password',\n      enrollAccount: 'Enroll Text',\n      forgotPwd: 'Send reset link',\n      resetPwd: 'Reset Password',\n      signIn: 'Sign in',\n      signUp: 'Sign up'\n    }\n  }\n});\n\n// configuring useraccounts for login with both username or email\nlet pwd = AccountsTemplates.removeField('password');\nAccountsTemplates.removeField('email');\nAccountsTemplates.addFields([\n  {\n    _id: 'email',\n    type: 'email',\n    required: true,\n    displayName: 'Email',\n    re: /.+@(.+){2,}\\.(.+){2,}/,\n    errStr: 'Invalid email'\n  },\n  {\n    _id: 'username',\n    type: 'text',\n    displayName: 'Username',\n    required: true,\n    minLength: 4\n  },\n  {\n    _id: 'username_and_email',\n    placeholder: 'Username or email',\n    type: 'text',\n    required: true,\n    displayName: 'Login'\n  },\n  pwd\n]);\n\n// enable preconfigured Flow-Router routes by useraccounts:flow-router.\nAccountsTemplates.configureRoute('changePwd');\nAccountsTemplates.configureRoute('forgotPwd');\nAccountsTemplates.configureRoute('resetPwd');\nAccountsTemplates.configureRoute('signIn');\nAccountsTemplates.configureRoute('signUp');\nAccountsTemplates.configureRoute('verifyEmail');\n// AccountsTemplates.configureRoute('enrollAccount'); // for creating passwords after logging first time\n"]},"hash":"544f2480d8d6283548634a006f2829b407e9ecbe"}
