{"metadata":{"usedHelpers":[],"marked":[],"modules":{"imports":[],"exports":{"exported":[],"specifiers":[]}}},"options":{"filename":"/collections/messages.js","filenameRelative":"/collections/messages.js","env":{},"retainLines":false,"highlightCode":true,"suppressDeprecationMessages":false,"presets":[],"plugins":[[[],null],[[],null],[[],null],[[],null],[[],null],[[],null],[[],null],[[],{"polyfill":false}],[[],null],[[],null],[[],null],[[],null],[[],null],[[],null],[[],null],[[],null],[[],{"loose":true}],[[],{"loose":true}],[[],null],[[],{"loose":true}],[[],null],[[],null],[[],{"allowTopLevelThis":true,"strict":false,"loose":true}],[[],null],[[],null],[[],null],[[],null],[[],null],[[],{"loose":true}],[[],null],[[],null],[[],null],[[],null],[[],null],[[],null],[[],null],[[],null]],"ignore":[],"code":true,"metadata":true,"ast":false,"comments":true,"compact":false,"minified":false,"sourceMap":true,"sourceMaps":true,"sourceMapTarget":"/collections/messages.js.map","sourceFileName":"/collections/messages.js","babelrc":false,"sourceType":"module","moduleIds":false,"passPerPreset":false,"basename":"messages"},"ignored":false,"code":"Messages = new Mongo.Collection('messages');\n\nMeteor.methods({\n  'messages.insert': function () {\n    function messagesInsert(toUserId, toUsername, body) {\n      check(toUserId, String);\n      check(toUsername, String);\n      check(body, String);\n\n      // Verify that user is logged in\n      if (!Meteor.user()) {\n        throw new Meteor.Error(401, 'You need to be signed in to continue');\n      }\n\n      if (!toUserId) {\n        throw new Meteor.Error(422, 'To field should not be blank');\n      }\n\n      if (!body) {\n        throw new Meteor.Error(422, 'Body should not be blank');\n      }\n\n      // Verify that to is an existing user\n      if (Meteor.users.find({ _id: toUserId }).count() === 0) {\n        throw new Meteor.Error(111, 'Not a valid user');\n      }\n\n      var message = {\n        originatingFromId: Meteor.userId(),\n        originatingFromName: Meteor.user().username,\n        originatingToId: toUserId,\n        originatingToName: toUsername,\n        conversation: [{\n          from: {\n            userId: Meteor.userId()\n          },\n          to: {\n            userId: toUserId,\n            read: false\n          },\n          body: body,\n          sentOn: new Date(),\n          originatingFromDeleted: false,\n          originatingToDeleted: false\n        }]\n      };\n\n      return Messages.insert(message);\n    }\n\n    return messagesInsert;\n  }(),\n  'messages.remove': function () {\n    function messagesRemove(messageId, whoDeleted) {\n      check(messageId, String);\n      check(whoDeleted, String);\n\n      // Verify that user is logged in\n      if (!Meteor.user()) {\n        throw new Meteor.Error(401, 'You need to be signed in to continue');\n      }\n\n      // Verify that message exists\n      if (Messages.find({ _id: messageId }).count() === 0) {\n        throw new Meteor.Error(111, 'Not a valid message');\n      }\n\n      // Get conversation array and store in variable\n      var conversation = Messages.findOne({ _id: messageId }).conversation;\n\n      if (whoDeleted === 'from') {\n        for (var x = 0; x < conversation.length; x++) {\n          conversation[x].originatingFromDeleted = true;\n        }\n      } else if (whoDeleted === 'to') {\n        for (var _x = 0; _x < conversation.length; _x++) {\n          conversation[_x].originatingToDeleted = true;\n        }\n      } else {\n        throw new Meteor.Error(211, 'Message could not be deleted');\n      }\n\n      Messages.update({ _id: messageId }, { $set: { conversation: conversation } });\n    }\n\n    return messagesRemove;\n  }(),\n  'messages.updateRead': function () {\n    function messagesUpdateRead(messageId, val) {\n      check(messageId, String);\n      check(val, Boolean);\n\n      // Verify that user is logged in\n      if (!Meteor.user()) {\n        throw new Meteor.Error(401, 'You need to be signed in to continue');\n      }\n\n      // Verify that message exists\n      if (Messages.find({ _id: messageId }).count() === 0) {\n        throw new Meteor.Error(111, 'Not a valid message');\n      }\n\n      // Get conversation array and store in variable\n      var conversation = Messages.findOne({ _id: messageId }).conversation;\n\n      for (var x = 0; x < conversation.length; x++) {\n        if (conversation[x].to.userId === Meteor.userId()) {\n          conversation[x].to.read = val;\n        }\n      }\n\n      // Update entire conversation array in Messages\n      Messages.update({ _id: messageId }, { $set: { conversation: conversation } });\n    }\n\n    return messagesUpdateRead;\n  }(),\n  'messages.addMessage': function () {\n    function messagesAddMessage(messageId, toUserId, body) {\n      check(messageId, String);\n      check(toUserId, String);\n      check(body, String);\n\n      // Verify that user is logged in\n      if (!Meteor.user()) {\n        throw new Meteor.Error(401, 'You need to be signed in to continue');\n      }\n\n      if (!body) {\n        throw new Meteor.Error(422, 'Body should not be blank');\n      }\n\n      if (!toUserId) {\n        throw new Meteor.Error(422, 'Error finding other user');\n      }\n\n      // Verify that message exists\n      if (Messages.find({ _id: messageId }).count() === 0) {\n        throw new Meteor.Error(111, 'Not a valid message');\n      }\n\n      var newMessage = {\n        from: {\n          userId: Meteor.userId()\n        },\n        to: {\n          userId: toUserId,\n          read: false\n        },\n        body: body,\n        sentOn: new Date(),\n        originatingFromDeleted: false,\n        originatingToDeleted: false\n      };\n\n      // Add item to array\n      Messages.update({ _id: messageId }, { $push: { conversation: newMessage } });\n    }\n\n    return messagesAddMessage;\n  }()\n});","ast":null,"map":{"version":3,"sources":["/collections/messages.js"],"names":[],"mappings":"AAAA,WAAW,IAAI,MAAM,UAAN,CAAiB,UAArB,CAAX;;AAEA,OAAO,OAAP,CAAe;AACb;AAAmB,4BAAC,QAAD,EAAW,UAAX,EAAuB,IAAvB,EAAgC;AACjD,YAAM,QAAN,EAAgB,MAAhB,EADiD;AAEjD,YAAM,UAAN,EAAkB,MAAlB,EAFiD;AAGjD,YAAM,IAAN,EAAY,MAAZ;;;AAHiD,UAM7C,CAAC,OAAO,IAAP,EAAD,EAAgB;AAClB,cAAM,IAAI,OAAO,KAAP,CAAa,GAAjB,EAAsB,sCAAtB,CAAN,CADkB;OAApB;;AAIA,UAAI,CAAC,QAAD,EAAW;AACb,cAAM,IAAI,OAAO,KAAP,CAAa,GAAjB,EAAsB,8BAAtB,CAAN,CADa;OAAf;;AAIA,UAAI,CAAC,IAAD,EAAO;AACT,cAAM,IAAI,OAAO,KAAP,CAAa,GAAjB,EAAsB,0BAAtB,CAAN,CADS;OAAX;;;AAdiD,UAmB7C,OAAO,KAAP,CAAa,IAAb,CAAkB,EAAC,KAAK,QAAL,EAAnB,EAAmC,KAAnC,OAA+C,CAA/C,EAAkD;AACpD,cAAM,IAAI,OAAO,KAAP,CAAa,GAAjB,EAAsB,kBAAtB,CAAN,CADoD;OAAtD;;AAIA,UAAI,UAAU;AACZ,2BAAmB,OAAO,MAAP,EAAnB;AACA,6BAAqB,OAAO,IAAP,GAAc,QAAd;AACrB,yBAAiB,QAAjB;AACA,2BAAmB,UAAnB;AACA,sBAAc,CAAC;AACb,gBAAM;AACJ,oBAAQ,OAAO,MAAP,EAAR;WADF;AAGA,cAAI;AACF,oBAAQ,QAAR;AACA,kBAAM,KAAN;WAFF;AAIA,gBAAM,IAAN;AACA,kBAAQ,IAAI,IAAJ,EAAR;AACA,kCAAwB,KAAxB;AACA,gCAAsB,KAAtB;SAXY,CAAd;OALE,CAvB6C;;AA2CjD,aAAO,SAAS,MAAT,CAAgB,OAAhB,CAAP,CA3CiD;KAAhC;;;KAAnB;AA6CA;AAAmB,4BAAC,SAAD,EAAY,UAAZ,EAA2B;AAC5C,YAAM,SAAN,EAAiB,MAAjB,EAD4C;AAE5C,YAAM,UAAN,EAAkB,MAAlB;;;AAF4C,UAKxC,CAAC,OAAO,IAAP,EAAD,EAAgB;AAClB,cAAM,IAAI,OAAO,KAAP,CAAa,GAAjB,EAAsB,sCAAtB,CAAN,CADkB;OAApB;;;AAL4C,UAUxC,SAAS,IAAT,CAAc,EAAC,KAAK,SAAL,EAAf,EAAgC,KAAhC,OAA4C,CAA5C,EAA+C;AACjD,cAAM,IAAI,OAAO,KAAP,CAAa,GAAjB,EAAsB,qBAAtB,CAAN,CADiD;OAAnD;;;AAV4C,UAexC,eAAe,SAAS,OAAT,CAAiB,EAAC,KAAK,SAAL,EAAlB,EAAmC,YAAnC,CAfyB;;AAiB5C,UAAI,eAAe,MAAf,EAAuB;AACzB,aAAK,IAAI,IAAI,CAAJ,EAAO,IAAI,aAAa,MAAb,EAAqB,GAAzC,EAA8C;AAC5C,uBAAa,CAAb,EAAgB,sBAAhB,GAAyC,IAAzC,CAD4C;SAA9C;OADF,MAIO,IAAI,eAAe,IAAf,EAAqB;AAC9B,aAAK,IAAI,KAAI,CAAJ,EAAO,KAAI,aAAa,MAAb,EAAqB,IAAzC,EAA8C;AAC5C,uBAAa,EAAb,EAAgB,oBAAhB,GAAuC,IAAvC,CAD4C;SAA9C;OADK,MAIA;AACL,cAAM,IAAI,OAAO,KAAP,CAAa,GAAjB,EAAsB,8BAAtB,CAAN,CADK;OAJA;;AAQP,eAAS,MAAT,CAAgB,EAAC,KAAK,SAAL,EAAjB,EAAkC,EAAC,MAAM,EAAC,cAAc,YAAd,EAAP,EAAnC,EA7B4C;KAA3B;;;KAAnB;AA+BA;AAAuB,gCAAC,SAAD,EAAY,GAAZ,EAAoB;AACzC,YAAM,SAAN,EAAiB,MAAjB,EADyC;AAEzC,YAAM,GAAN,EAAW,OAAX;;;AAFyC,UAKrC,CAAC,OAAO,IAAP,EAAD,EAAgB;AAClB,cAAM,IAAI,OAAO,KAAP,CAAa,GAAjB,EAAsB,sCAAtB,CAAN,CADkB;OAApB;;;AALyC,UAUrC,SAAS,IAAT,CAAc,EAAC,KAAK,SAAL,EAAf,EAAgC,KAAhC,OAA4C,CAA5C,EAA+C;AACjD,cAAM,IAAI,OAAO,KAAP,CAAa,GAAjB,EAAsB,qBAAtB,CAAN,CADiD;OAAnD;;;AAVyC,UAerC,eAAe,SAAS,OAAT,CAAiB,EAAC,KAAK,SAAL,EAAlB,EAAmC,YAAnC,CAfsB;;AAiBzC,WAAK,IAAI,IAAI,CAAJ,EAAO,IAAI,aAAa,MAAb,EAAqB,GAAzC,EAA8C;AAC5C,YAAI,aAAa,CAAb,EAAgB,EAAhB,CAAmB,MAAnB,KAA8B,OAAO,MAAP,EAA9B,EAA+C;AACjD,uBAAa,CAAb,EAAgB,EAAhB,CAAmB,IAAnB,GAA0B,GAA1B,CADiD;SAAnD;OADF;;;AAjByC,cAwBzC,CAAS,MAAT,CAAgB,EAAC,KAAK,SAAL,EAAjB,EAAkC,EAAC,MAAM,EAAC,cAAc,YAAd,EAAP,EAAnC,EAxByC;KAApB;;;KAAvB;AA0BA;AAAuB,gCAAC,SAAD,EAAY,QAAZ,EAAsB,IAAtB,EAA+B;AACpD,YAAM,SAAN,EAAiB,MAAjB,EADoD;AAEpD,YAAM,QAAN,EAAgB,MAAhB,EAFoD;AAGpD,YAAM,IAAN,EAAY,MAAZ;;;AAHoD,UAMhD,CAAC,OAAO,IAAP,EAAD,EAAgB;AAClB,cAAM,IAAI,OAAO,KAAP,CAAa,GAAjB,EAAsB,sCAAtB,CAAN,CADkB;OAApB;;AAIA,UAAI,CAAC,IAAD,EAAO;AACT,cAAM,IAAI,OAAO,KAAP,CAAa,GAAjB,EAAsB,0BAAtB,CAAN,CADS;OAAX;;AAIA,UAAI,CAAC,QAAD,EAAW;AACb,cAAM,IAAI,OAAO,KAAP,CAAa,GAAjB,EAAsB,0BAAtB,CAAN,CADa;OAAf;;;AAdoD,UAmBhD,SAAS,IAAT,CAAc,EAAC,KAAK,SAAL,EAAf,EAAgC,KAAhC,OAA4C,CAA5C,EAA+C;AACjD,cAAM,IAAI,OAAO,KAAP,CAAa,GAAjB,EAAsB,qBAAtB,CAAN,CADiD;OAAnD;;AAIA,UAAI,aAAa;AACf,cAAM;AACJ,kBAAQ,OAAO,MAAP,EAAR;SADF;AAGA,YAAI;AACF,kBAAQ,QAAR;AACA,gBAAM,KAAN;SAFF;AAIA,cAAM,IAAN;AACA,gBAAQ,IAAI,IAAJ,EAAR;AACA,gCAAwB,KAAxB;AACA,8BAAsB,KAAtB;OAXE;;;AAvBgD,cAsCpD,CAAS,MAAT,CAAgB,EAAC,KAAK,SAAL,EAAjB,EAAkC,EAAC,OAAO,EAAC,cAAc,UAAd,EAAR,EAAnC,EAtCoD;KAA/B;;;KAAvB;CAvGF","file":"/collections/messages.js.map","sourcesContent":["Messages = new Mongo.Collection('messages');\n\nMeteor.methods({\n  'messages.insert': (toUserId, toUsername, body) => {\n    check(toUserId, String);\n    check(toUsername, String);\n    check(body, String);\n\n    // Verify that user is logged in\n    if (!Meteor.user()) {\n      throw new Meteor.Error(401, 'You need to be signed in to continue');\n    }\n\n    if (!toUserId) {\n      throw new Meteor.Error(422, 'To field should not be blank');\n    }\n\n    if (!body) {\n      throw new Meteor.Error(422, 'Body should not be blank');\n    }\n\n    // Verify that to is an existing user\n    if (Meteor.users.find({_id: toUserId}).count() === 0) {\n      throw new Meteor.Error(111, 'Not a valid user');\n    }\n\n    let message = {\n      originatingFromId: Meteor.userId(),\n      originatingFromName: Meteor.user().username,\n      originatingToId: toUserId,\n      originatingToName: toUsername,\n      conversation: [{\n        from: {\n          userId: Meteor.userId()\n        },\n        to: {\n          userId: toUserId,\n          read: false\n        },\n        body: body,\n        sentOn: new Date(),\n        originatingFromDeleted: false,\n        originatingToDeleted: false\n      }]\n    };\n\n    return Messages.insert(message);\n  },\n  'messages.remove': (messageId, whoDeleted) => {\n    check(messageId, String);\n    check(whoDeleted, String);\n\n    // Verify that user is logged in\n    if (!Meteor.user()) {\n      throw new Meteor.Error(401, 'You need to be signed in to continue');\n    }\n\n    // Verify that message exists\n    if (Messages.find({_id: messageId}).count() === 0) {\n      throw new Meteor.Error(111, 'Not a valid message');\n    }\n\n    // Get conversation array and store in variable\n    let conversation = Messages.findOne({_id: messageId}).conversation;\n\n    if (whoDeleted === 'from') {\n      for (let x = 0; x < conversation.length; x++) {\n        conversation[x].originatingFromDeleted = true;\n      }\n    } else if (whoDeleted === 'to') {\n      for (let x = 0; x < conversation.length; x++) {\n        conversation[x].originatingToDeleted = true;\n      }\n    } else {\n      throw new Meteor.Error(211, 'Message could not be deleted');\n    }\n\n    Messages.update({_id: messageId}, {$set: {conversation: conversation}});\n  },\n  'messages.updateRead': (messageId, val) => {\n    check(messageId, String);\n    check(val, Boolean);\n\n    // Verify that user is logged in\n    if (!Meteor.user()) {\n      throw new Meteor.Error(401, 'You need to be signed in to continue');\n    }\n\n    // Verify that message exists\n    if (Messages.find({_id: messageId}).count() === 0) {\n      throw new Meteor.Error(111, 'Not a valid message');\n    }\n\n    // Get conversation array and store in variable\n    let conversation = Messages.findOne({_id: messageId}).conversation;\n\n    for (let x = 0; x < conversation.length; x++) {\n      if (conversation[x].to.userId === Meteor.userId()) {\n        conversation[x].to.read = val;\n      }\n    }\n\n    // Update entire conversation array in Messages\n    Messages.update({_id: messageId}, {$set: {conversation: conversation}});\n  },\n  'messages.addMessage': (messageId, toUserId, body) => {\n    check(messageId, String);\n    check(toUserId, String);\n    check(body, String);\n\n    // Verify that user is logged in\n    if (!Meteor.user()) {\n      throw new Meteor.Error(401, 'You need to be signed in to continue');\n    }\n\n    if (!body) {\n      throw new Meteor.Error(422, 'Body should not be blank');\n    }\n\n    if (!toUserId) {\n      throw new Meteor.Error(422, 'Error finding other user');\n    }\n\n    // Verify that message exists\n    if (Messages.find({_id: messageId}).count() === 0) {\n      throw new Meteor.Error(111, 'Not a valid message');\n    }\n\n    let newMessage = {\n      from: {\n        userId: Meteor.userId()\n      },\n      to: {\n        userId: toUserId,\n        read: false\n      },\n      body: body,\n      sentOn: new Date(),\n      originatingFromDeleted: false,\n      originatingToDeleted: false\n    };\n\n    // Add item to array\n    Messages.update({_id: messageId}, {$push: {conversation: newMessage}});\n  }\n});\n"]},"hash":"79839fa65c23e145a7694b0fc271978b1e881222"}
