{"metadata":{"usedHelpers":[],"marked":[],"modules":{"imports":[],"exports":{"exported":[],"specifiers":[]}}},"options":{"filename":"/client/views/shared/_post.js","filenameRelative":"/client/views/shared/_post.js","env":{},"retainLines":false,"highlightCode":true,"suppressDeprecationMessages":false,"presets":[],"plugins":[[[],null],[[],null],[[],null],[[],null],[[],null],[[],null],[[],null],[[],{"polyfill":false}],[[],null],[[],null],[[],null],[[],null],[[],null],[[],null],[[],null],[[],null],[[],{"loose":true}],[[],{"loose":true}],[[],null],[[],{"loose":true}],[[],null],[[],null],[[],{"allowTopLevelThis":true,"strict":false,"loose":true}],[[],null],[[],null],[[],null],[[],null],[[],null],[[],{"loose":true}],[[],null],[[],null],[[],null],[[],null],[[],null],[[],null],[[],null],[[],null]],"ignore":[],"code":true,"metadata":true,"ast":false,"comments":true,"compact":false,"minified":false,"sourceMap":true,"sourceMaps":true,"sourceMapTarget":"/client/views/shared/_post.js.map","sourceFileName":"/client/views/shared/_post.js","babelrc":false,"sourceType":"module","moduleIds":false,"passPerPreset":false,"basename":"_post"},"ignored":false,"code":"Template.post.events({\n  'click [data-id=remove-post]': function () {\n    function clickDataIdRemovePost(event, template) {\n      var self = this;\n\n      // Sweet Alert delete confirmation\n      swal({\n        title: 'Delete post?',\n        text: 'Are you sure that you want to delete this post?',\n        type: 'error',\n        showCancelButton: true,\n        closeOnConfirm: true,\n        cancelButtonText: 'No',\n        confirmButtonText: 'Yes, delete it!',\n        confirmButtonColor: '#da5347'\n      }, function () {\n        Meteor.call('posts.remove', self._id, function (error, result) {\n          if (error) {\n            Bert.alert(error.reason, 'danger', 'growl-top-right');\n          } else {\n            Bert.alert('Post successfully removed', 'success', 'growl-top-right');\n          }\n        });\n      });\n    }\n\n    return clickDataIdRemovePost;\n  }()\n});\n\nTemplate.post.helpers({\n  author: function () {\n    function author() {\n      return Meteor.users.findOne({ _id: this.authorId });\n    }\n\n    return author;\n  }(),\n\n  belongsPostToUser: function () {\n    function belongsPostToUser() {\n      return this.authorId === Meteor.userId();\n    }\n\n    return belongsPostToUser;\n  }(),\n  formatDate: function () {\n    function formatDate(date) {\n      var currDate = moment(new Date()),\n          msgDate = moment(new Date(date));\n\n      var diff = currDate.diff(msgDate, 'days');\n\n      if (diff === 0 && currDate.day() === msgDate.day()) {\n        var hourDiff = currDate.diff(msgDate, 'hours'),\n            minDiff = currDate.diff(msgDate, 'minutes');\n        if (hourDiff > 0) {\n          if (hourDiff === 1) {\n            return hourDiff + ' hr';\n          } else {\n            return hourDiff + ' hrs';\n          }\n        } else if (minDiff > 0) {\n          if (minDiff === 1) {\n            return minDiff + ' min';\n          } else {\n            return minDiff + ' mins';\n          }\n        } else {\n          return 'Just now';\n        }\n      } else if (diff <= 1 && currDate.day() !== msgDate.day()) {\n        return 'Yesterday at ' + moment(date).format('h:mm a');\n      } else {\n        if (currDate.year() !== msgDate.year()) {\n          return moment(date).format('MMMM DD, YYYY');\n        } else {\n          return moment(date).format('MMMM DD') + ' at ' + moment(date).format('h:mm a');\n        }\n      }\n    }\n\n    return formatDate;\n  }()\n});","ast":null,"map":{"version":3,"sources":["/client/views/shared/_post.js"],"names":[],"mappings":"AAAA,SAAS,IAAT,CAAc,MAAd,CAAqB;AACnB;AAA+B,mCAAS,KAAT,EAAgB,QAAhB,EAA0B;AACvD,UAAI,OAAO,IAAP;;;AADmD,UAIvD,CAAK;AACH,eAAO,cAAP;AACA,cAAM,iDAAN;AACA,cAAM,OAAN;AACA,0BAAkB,IAAlB;AACA,wBAAgB,IAAhB;AACA,0BAAkB,IAAlB;AACA,2BAAmB,iBAAnB;AACA,4BAAoB,SAApB;OARF,EASG,YAAW;AACZ,eAAO,IAAP,CAAY,cAAZ,EAA4B,KAAK,GAAL,EAAU,UAAC,KAAD,EAAQ,MAAR,EAAmB;AACvD,cAAI,KAAJ,EAAW;AACT,iBAAK,KAAL,CAAW,MAAM,MAAN,EAAc,QAAzB,EAAmC,iBAAnC,EADS;WAAX,MAEO;AACL,iBAAK,KAAL,CAAW,2BAAX,EAAwC,SAAxC,EAAmD,iBAAnD,EADK;WAFP;SADoC,CAAtC,CADY;OAAX,CATH,CAJuD;KAA1B;;;KAA/B;CADF;;AA0BA,SAAS,IAAT,CAAc,OAAd,CAAsB;AACpB;AAAQ,sBAAW;AACjB,aAAO,OAAO,KAAP,CAAa,OAAb,CAAqB,EAAE,KAAK,KAAK,QAAL,EAA5B,CAAP,CADiB;KAAX;;;KAAR;;AAIA;AAAmB,iCAAW;AAC5B,aAAO,KAAK,QAAL,KAAkB,OAAO,MAAP,EAAlB,CADqB;KAAX;;;KAAnB;AAGA;AAAY,wBAAS,IAAT,EAAe;AACzB,UAAI,WAAW,OAAO,IAAI,IAAJ,EAAP,CAAX;UACA,UAAU,OAAO,IAAI,IAAJ,CAAS,IAAT,CAAP,CAAV,CAFqB;;AAIzB,UAAI,OAAO,SAAS,IAAT,CAAc,OAAd,EAAuB,MAAvB,CAAP,CAJqB;;AAMzB,UAAI,SAAS,CAAT,IAAc,SAAS,GAAT,OAAmB,QAAQ,GAAR,EAAnB,EAAkC;AAClD,YAAI,WAAW,SAAS,IAAT,CAAc,OAAd,EAAuB,OAAvB,CAAX;YACA,UAAU,SAAS,IAAT,CAAc,OAAd,EAAuB,SAAvB,CAAV,CAF8C;AAGlD,YAAI,WAAW,CAAX,EAAc;AAChB,cAAI,aAAa,CAAb,EAAgB;AAClB,mBAAQ,WAAW,KAAX,CADU;WAApB,MAEO;AACL,mBAAQ,WAAW,MAAX,CADH;WAFP;SADF,MAMO,IAAI,UAAU,CAAV,EAAa;AACtB,cAAI,YAAY,CAAZ,EAAe;AACjB,mBAAQ,UAAU,MAAV,CADS;WAAnB,MAEO;AACL,mBAAQ,UAAU,OAAV,CADH;WAFP;SADK,MAMA;AACL,iBAAO,UAAP,CADK;SANA;OATT,MAkBO,IAAI,QAAQ,CAAR,IAAa,SAAS,GAAT,OAAmB,QAAQ,GAAR,EAAnB,EAAkC;AACxD,eAAQ,kBAAkB,OAAO,IAAP,EAAa,MAAb,CAAoB,QAApB,CAAlB,CADgD;OAAnD,MAEA;AACL,YAAI,SAAS,IAAT,OAAoB,QAAQ,IAAR,EAApB,EAAoC;AACtC,iBAAO,OAAO,IAAP,EAAa,MAAb,CAAoB,eAApB,CAAP,CADsC;SAAxC,MAEO;AACL,iBAAQ,OAAO,IAAP,EAAa,MAAb,CAAoB,SAApB,IAAiC,MAAjC,GAA0C,OAAO,IAAP,EAAa,MAAb,CAAoB,QAApB,CAA1C,CADH;SAFP;OAHK;KAxBG;;;KAAZ;CARF","file":"/client/views/shared/_post.js.map","sourcesContent":["Template.post.events({\n  'click [data-id=remove-post]': function(event, template) {\n    let self = this;\n\n    // Sweet Alert delete confirmation\n    swal({\n      title: 'Delete post?',\n      text: 'Are you sure that you want to delete this post?',\n      type: 'error',\n      showCancelButton: true,\n      closeOnConfirm: true,\n      cancelButtonText: 'No',\n      confirmButtonText: 'Yes, delete it!',\n      confirmButtonColor: '#da5347'\n    }, function() {\n      Meteor.call('posts.remove', self._id, (error, result) => {\n        if (error) {\n          Bert.alert(error.reason, 'danger', 'growl-top-right');\n        } else {\n          Bert.alert('Post successfully removed', 'success', 'growl-top-right');\n        }\n      });\n    });\n  }\n});\n\nTemplate.post.helpers({\n  author: function() {\n    return Meteor.users.findOne({ _id: this.authorId });\n  },\n\n  belongsPostToUser: function() {\n    return this.authorId === Meteor.userId();\n  },\n  formatDate: function(date) {\n    let currDate = moment(new Date()),\n        msgDate = moment(new Date(date));\n\n    let diff = currDate.diff(msgDate, 'days');\n\n    if (diff === 0 && currDate.day() === msgDate.day()) {\n      let hourDiff = currDate.diff(msgDate, 'hours'),\n          minDiff = currDate.diff(msgDate, 'minutes');\n      if (hourDiff > 0) {\n        if (hourDiff === 1) {\n          return (hourDiff + ' hr');\n        } else {\n          return (hourDiff + ' hrs');\n        }\n      } else if (minDiff > 0) {\n        if (minDiff === 1) {\n          return (minDiff + ' min');\n        } else {\n          return (minDiff + ' mins');\n        }\n      } else {\n        return 'Just now';\n      }\n    } else if (diff <= 1 && currDate.day() !== msgDate.day()) {\n      return ('Yesterday at ' + moment(date).format('h:mm a'));\n    } else {\n      if (currDate.year() !== msgDate.year()) {\n        return moment(date).format('MMMM DD, YYYY');\n      } else {\n        return (moment(date).format('MMMM DD') + ' at ' + moment(date).format('h:mm a'));\n      }\n    }\n  }\n});\n"]},"hash":"8253f75a5f5e30563c9bce53249eb37d5d5bcefb"}
