{"metadata":{"usedHelpers":[],"marked":[],"modules":{"imports":[],"exports":{"exported":[],"specifiers":[]}}},"options":{"filename":"/client/views/music.js","filenameRelative":"/client/views/music.js","env":{},"retainLines":false,"highlightCode":true,"suppressDeprecationMessages":false,"presets":[],"plugins":[[[],null],[[],null],[[],null],[[],null],[[],null],[[],null],[[],null],[[],{"polyfill":false}],[[],null],[[],null],[[],null],[[],null],[[],null],[[],null],[[],null],[[],null],[[],{"loose":true}],[[],{"loose":true}],[[],null],[[],{"loose":true}],[[],null],[[],null],[[],{"allowTopLevelThis":true,"strict":false,"loose":true}],[[],null],[[],null],[[],null],[[],null],[[],null],[[],{"loose":true}],[[],null],[[],null],[[],null],[[],null],[[],null],[[],null],[[],null],[[],null]],"ignore":[],"code":true,"metadata":true,"ast":false,"comments":true,"compact":false,"minified":false,"sourceMap":true,"sourceMaps":true,"sourceMapTarget":"/client/views/music.js.map","sourceFileName":"/client/views/music.js","babelrc":false,"sourceType":"module","moduleIds":false,"passPerPreset":false,"basename":"music"},"ignored":false,"code":"Template.music.onCreated(function () {});","ast":null,"map":{"version":3,"sources":["/client/views/music.js"],"names":[],"mappings":"AAAA,SAAS,KAAT,CAAe,SAAf,CAAyB,YAAW,EAAX,CAAzB","file":"/client/views/music.js.map","sourcesContent":["Template.music.onCreated(function() {\r\n\r\n});\r\n\r\n"]},"hash":"8fb45aa5f6cee5170ec73162959e051a003c98b7"}
