{"metadata":{"usedHelpers":[],"marked":[],"modules":{"imports":[],"exports":{"exported":[],"specifiers":[]}}},"options":{"filename":"/client/lib/main.js","filenameRelative":"/client/lib/main.js","env":{},"retainLines":false,"highlightCode":true,"suppressDeprecationMessages":false,"presets":[],"plugins":[[[],null],[[],null],[[],null],[[],null],[[],null],[[],null],[[],null],[[],{"polyfill":false}],[[],null],[[],null],[[],null],[[],null],[[],null],[[],null],[[],null],[[],null],[[],{"loose":true}],[[],{"loose":true}],[[],null],[[],{"loose":true}],[[],null],[[],null],[[],{"allowTopLevelThis":true,"strict":false,"loose":true}],[[],null],[[],null],[[],null],[[],null],[[],null],[[],{"loose":true}],[[],null],[[],null],[[],null],[[],null],[[],null],[[],null],[[],null],[[],null]],"ignore":[],"code":true,"metadata":true,"ast":false,"comments":true,"compact":false,"minified":false,"sourceMap":true,"sourceMaps":true,"sourceMapTarget":"/client/lib/main.js.map","sourceFileName":"/client/lib/main.js","babelrc":false,"sourceType":"module","moduleIds":false,"passPerPreset":false,"basename":"main"},"ignored":false,"code":"setTitle = function setTitle(title) {\n  var base = 'Revusic';\n  if (title) {\n    document.title = title + ' - ' + base;\n  }\n};","ast":null,"map":{"version":3,"sources":["/client/lib/main.js"],"names":[],"mappings":"AAAA,WAAW,kBAAC,KAAD,EAAW;AACpB,MAAI,OAAO,SAAP,CADgB;AAEpB,MAAI,KAAJ,EAAW;AACT,aAAS,KAAT,GAAiB,QAAQ,KAAR,GAAgB,IAAhB,CADR;GAAX;CAFS","file":"/client/lib/main.js.map","sourcesContent":["setTitle = (title) => {\n  let base = 'Revusic';\n  if (title) {\n    document.title = title + ' - ' + base;\n  }\n};\n"]},"hash":"90a7223d1a2b5cc37d0e780521a5c9e856a281cc"}
