{"metadata":{"usedHelpers":[],"marked":[],"modules":{"imports":[],"exports":{"exported":[],"specifiers":[]}}},"options":{"filename":"/collections/reviews.js","filenameRelative":"/collections/reviews.js","env":{},"retainLines":false,"highlightCode":true,"suppressDeprecationMessages":false,"presets":[],"plugins":[[[],null],[[],null],[[],null],[[],null],[[],null],[[],null],[[],null],[[],{"polyfill":false}],[[],null],[[],null],[[],null],[[],null],[[],null],[[],null],[[],null],[[],null],[[],{"loose":true}],[[],{"loose":true}],[[],null],[[],{"loose":true}],[[],null],[[],null],[[],{"allowTopLevelThis":true,"strict":false,"loose":true}],[[],null],[[],null],[[],null],[[],null],[[],null],[[],{"loose":true}],[[],null],[[],null],[[],null],[[],null],[[],null],[[],null],[[],null],[[],null]],"ignore":[],"code":true,"metadata":true,"ast":false,"comments":true,"compact":false,"minified":false,"sourceMap":true,"sourceMaps":true,"sourceMapTarget":"/collections/reviews.js.map","sourceFileName":"/collections/reviews.js","babelrc":false,"sourceType":"module","moduleIds":false,"passPerPreset":false,"basename":"reviews"},"ignored":false,"code":"Reviews = new Mongo.Collection('reviews');\n\nMeteor.methods({\n    'reviews.insert': function () {\n        function reviewsInsert(body) {\n            check(body, String);\n\n            if (!Meteor.user()) {\n                throw new Meteor.Error(401, 'You need to be signed in to continue');\n            }\n            if (!body) {\n                throw new Meteor.Error(422, 'Body should not be blank');\n            }\n\n            var review = {\n                body: body,\n                authorId: Meteor.userId(),\n                createdAt: new Date(),\n                updatedAt: new Date()\n            };\n\n            return Reviews.insert(review);\n        }\n\n        return reviewsInsert;\n    }(),\n\n    'reviews.remove': function () {\n        function reviewsRemove(_id) {\n            check(_id, String);\n\n            if (!Meteor.user()) {\n                throw new Meteor.Error(401, 'You need to be signed in to continue');\n            }\n            if (!_id) {\n                throw new Meteor.Error(422, '_id should not be blank');\n            }\n            if (Meteor.userId() !== Reviews.findOne({ _id: _id }).authorId) {\n                throw new Meteor.Error(422, 'You can only remove your own reviews');\n            }\n\n            Reviews.remove({ _id: _id });\n        }\n\n        return reviewsRemove;\n    }()\n});","ast":null,"map":{"version":3,"sources":["/collections/reviews.js"],"names":[],"mappings":"AAAA,UAAU,IAAI,MAAM,UAAN,CAAiB,SAArB,CAAV;;AAEA,OAAO,OAAP,CAAe;AACP;AAAkB,+BAAC,IAAD,EAAU;AAC5B,kBAAM,IAAN,EAAY,MAAZ,EAD4B;;AAGpC,gBAAI,CAAC,OAAO,IAAP,EAAD,EAAgB;AAChB,sBAAM,IAAI,OAAO,KAAP,CAAa,GAAjB,EAAsB,sCAAtB,CAAN,CADgB;aAApB;AAGA,gBAAI,CAAC,IAAD,EAAO;AACP,sBAAM,IAAI,OAAO,KAAP,CAAa,GAAjB,EAAsB,0BAAtB,CAAN,CADO;aAAX;;AAIA,gBAAI,SAAS;AACT,sBAAM,IAAN;AACA,0BAAU,OAAO,MAAP,EAAV;AACA,2BAAW,IAAI,IAAJ,EAAX;AACA,2BAAW,IAAI,IAAJ,EAAX;aAJA,CAVgC;;AAiBpC,mBAAO,QAAQ,MAAR,CAAe,MAAf,CAAP,CAjBoC;SAAV;;;OAAlB;;AAoBR;AAAkB,+BAAC,GAAD,EAAS;AACvB,kBAAM,GAAN,EAAW,MAAX,EADuB;;AAGvB,gBAAI,CAAC,OAAO,IAAP,EAAD,EAAgB;AAChB,sBAAM,IAAI,OAAO,KAAP,CAAa,GAAjB,EAAsB,sCAAtB,CAAN,CADgB;aAApB;AAGA,gBAAI,CAAC,GAAD,EAAM;AACN,sBAAM,IAAI,OAAO,KAAP,CAAa,GAAjB,EAAsB,yBAAtB,CAAN,CADM;aAAV;AAGA,gBAAI,OAAO,MAAP,OAAoB,QAAQ,OAAR,CAAgB,EAAE,KAAK,GAAL,EAAlB,EAA8B,QAA9B,EAAwC;AAC5D,sBAAM,IAAI,OAAO,KAAP,CAAa,GAAjB,EAAsB,sCAAtB,CAAN,CAD4D;aAAhE;;AAIA,oBAAQ,MAAR,CAAe,EAAE,KAAK,GAAL,EAAjB,EAbuB;SAAT;;;OAAlB;CArBA","file":"/collections/reviews.js.map","sourcesContent":["Reviews = new Mongo.Collection('reviews');\r\n\r\nMeteor.methods({\r\n        'reviews.insert': (body) => {\r\n        check(body, String);\r\n\r\nif (!Meteor.user()) {\r\n    throw new Meteor.Error(401, 'You need to be signed in to continue');\r\n}\r\nif (!body) {\r\n    throw new Meteor.Error(422, 'Body should not be blank');\r\n}\r\n\r\nlet review = {\r\n    body: body,\r\n    authorId: Meteor.userId(),\r\n    createdAt: new Date(),\r\n    updatedAt: new Date()\r\n};\r\n\r\nreturn Reviews.insert(review);\r\n},\r\n\r\n'reviews.remove': (_id) => {\r\n    check(_id, String);\r\n\r\n    if (!Meteor.user()) {\r\n        throw new Meteor.Error(401, 'You need to be signed in to continue');\r\n    }\r\n    if (!_id) {\r\n        throw new Meteor.Error(422, '_id should not be blank');\r\n    }\r\n    if (Meteor.userId() !== Reviews.findOne({ _id: _id }).authorId) {\r\n        throw new Meteor.Error(422, 'You can only remove your own reviews');\r\n    }\r\n\r\n    Reviews.remove({ _id: _id });\r\n}\r\n});\r\n"]},"hash":"cb3ed53a17a7802f5a909cde223df0afef4cbfb5"}
