{"metadata":{"usedHelpers":[],"marked":[],"modules":{"imports":[],"exports":{"exported":[],"specifiers":[]}}},"options":{"filename":"/packages/themeteorchef:bert/templates/bert-alert.js","filenameRelative":"/packages/themeteorchef:bert/templates/bert-alert.js","env":{},"retainLines":false,"highlightCode":true,"suppressDeprecationMessages":false,"presets":[],"plugins":[[[],null],[[],null],[[],null],[[],null],[[],null],[[],null],[[],null],[[],{"polyfill":false}],[[],null],[[],null],[[],null],[[],null],[[],null],[[],null],[[],null],[[],null],[[],{"loose":true}],[[],{"loose":true}],[[],null],[[],{"loose":true}],[[],null],[[],null],[[],{"allowTopLevelThis":true,"strict":false,"loose":true}],[[],null],[[],null],[[],null],[[],null],[[],null],[[],{"loose":true}],[[],null],[[],null],[[],null],[[],null],[[],null],[[],null],[[],null],[[],null]],"ignore":[],"code":true,"metadata":true,"ast":false,"comments":true,"compact":false,"minified":false,"sourceMap":true,"sourceMaps":true,"sourceMapTarget":"/packages/themeteorchef:bert/templates/bert-alert.js.map","sourceFileName":"/packages/themeteorchef:bert/templates/bert-alert.js","babelrc":false,"sourceType":"module","moduleIds":false,"passPerPreset":false,"basename":"bert-alert"},"ignored":false,"code":"Template.bertAlert.helpers({\n  alert: function () {\n    function alert() {\n      return Session.get('bertAlert');\n    }\n\n    return alert;\n  }()\n});","ast":null,"map":{"version":3,"sources":["/packages/themeteorchef:bert/templates/bert-alert.js"],"names":[],"mappings":"AAAA,SAAS,SAAT,CAAmB,OAAnB,CAA2B;AACzB;qBAAQ;AAAE,aAAO,QAAQ,GAAR,CAAa,WAAb,CAAP,CAAF;;;;KADiB;CAA3B","file":"/packages/themeteorchef:bert/templates/bert-alert.js.map","sourcesContent":["Template.bertAlert.helpers({\n  alert() { return Session.get( 'bertAlert' ); }\n});\n"]},"hash":"cd4cff8f1a1d987b14c961651256b69081354d5e"}
