{"metadata":{"usedHelpers":[],"marked":[],"modules":{"imports":[],"exports":{"exported":[],"specifiers":[]}}},"options":{"filename":"/client/views/users/following.js","filenameRelative":"/client/views/users/following.js","env":{},"retainLines":false,"highlightCode":true,"suppressDeprecationMessages":false,"presets":[],"plugins":[[[],null],[[],null],[[],null],[[],null],[[],null],[[],null],[[],null],[[],{"polyfill":false}],[[],null],[[],null],[[],null],[[],null],[[],null],[[],null],[[],null],[[],null],[[],{"loose":true}],[[],{"loose":true}],[[],null],[[],{"loose":true}],[[],null],[[],null],[[],{"allowTopLevelThis":true,"strict":false,"loose":true}],[[],null],[[],null],[[],null],[[],null],[[],null],[[],{"loose":true}],[[],null],[[],null],[[],null],[[],null],[[],null],[[],null],[[],null],[[],null]],"ignore":[],"code":true,"metadata":true,"ast":false,"comments":true,"compact":false,"minified":false,"sourceMap":true,"sourceMaps":true,"sourceMapTarget":"/client/views/users/following.js.map","sourceFileName":"/client/views/users/following.js","babelrc":false,"sourceType":"module","moduleIds":false,"passPerPreset":false,"basename":"following"},"ignored":false,"code":"Template.following.helpers({\n  users: function () {\n    function users() {\n      if (Meteor.user().followingIds && Meteor.user().followingIds.length !== 0) {\n        return Meteor.users.find({ _id: { $in: Meteor.user().followingIds } }, { sort: { username: 1 } });\n      } else {\n        return [];\n      }\n    }\n\n    return users;\n  }()\n});\n\nTemplate.following.onCreated(function () {\n  var _this = this;\n\n  this.autorun(function () {\n    _this.subscribe('users.following');\n  });\n});","ast":null,"map":{"version":3,"sources":["/client/views/users/following.js"],"names":[],"mappings":"AAAA,SAAS,SAAT,CAAmB,OAAnB,CAA2B;AACzB;AAAO,qBAAM;AACX,UAAI,OAAO,IAAP,GAAc,YAAd,IAA8B,OAAO,IAAP,GAAc,YAAd,CAA2B,MAA3B,KAAsC,CAAtC,EAAyC;AACzE,eAAO,OAAO,KAAP,CAAa,IAAb,CAAkB,EAAE,KAAK,EAAE,KAAK,OAAO,IAAP,GAAc,YAAd,EAAZ,EAApB,EAAgE,EAAE,MAAM,EAAE,UAAU,CAAV,EAAR,EAAlE,CAAP,CADyE;OAA3E,MAEO;AACL,eAAO,EAAP,CADK;OAFP;KADK;;;KAAP;CADF;;AAUA,SAAS,SAAT,CAAmB,SAAnB,CAA6B,YAAW;;;AACtC,OAAK,OAAL,CAAa,YAAM;AACjB,UAAK,SAAL,CAAe,iBAAf,EADiB;GAAN,CAAb,CADsC;CAAX,CAA7B","file":"/client/views/users/following.js.map","sourcesContent":["Template.following.helpers({\n  users: () => {\n    if (Meteor.user().followingIds && Meteor.user().followingIds.length !== 0) {\n      return Meteor.users.find({ _id: { $in: Meteor.user().followingIds } }, { sort: { username: 1 } });\n    } else {\n      return [];\n    }\n  }\n});\n\nTemplate.following.onCreated(function() {\n  this.autorun(() => {\n    this.subscribe('users.following');\n  });\n});\n"]},"hash":"e41f63e135b8248fd8c46cc85ffb8aa8fde0de11"}
