{"metadata":{"modules":{"imports":[],"exports":{"exported":[],"specifiers":[]}},"usedHelpers":[]},"ignored":false,"code":"Meteor.startup(function () {\n  Accounts.validateNewUser(function (user) {\n    if (user.emails && user.emails[0].address.length !== 0) {\n      return true;\n    }\n    throw new Meteor.Error(403, 'E-Mail address should not be blank');\n  });\n  Accounts.validateNewUser(function (user) {\n    if (user.username && user.username.length >= 3) {\n      return true;\n    }\n    throw new Meteor.Error(403, 'Username must have at least 3 characters');\n  });\n});","ast":null,"map":{"version":3,"sources":["/server/startup.js"],"names":[],"mappings":"AAAA,MAAM,CAAC,OAAO,CAAC,YAAM;AACnB,UAAQ,CAAC,eAAe,CAAC,UAAC,IAAI,EAAK;AACjC,QAAI,IAAI,CAAC,MAAM,IAAI,IAAI,CAAC,MAAM,CAAC,CAAC,CAAC,CAAC,OAAO,CAAC,MAAM,KAAK,CAAC,EAAE;AACtD,aAAO,IAAI,CAAC;KACb;AACD,UAAM,IAAI,MAAM,CAAC,KAAK,CAAC,GAAG,EAAE,oCAAoC,CAAC,CAAC;GACnE,CAAC,CAAC;AACH,UAAQ,CAAC,eAAe,CAAC,UAAC,IAAI,EAAK;AACjC,QAAI,IAAI,CAAC,QAAQ,IAAI,IAAI,CAAC,QAAQ,CAAC,MAAM,IAAI,CAAC,EAAE;AAC9C,aAAO,IAAI,CAAC;KACb;AACD,UAAM,IAAI,MAAM,CAAC,KAAK,CAAC,GAAG,EAAE,0CAA0C,CAAC,CAAC;GACzE,CAAC,CAAC;CACJ,CAAC,CAAC","file":"/server/startup.js.map","sourcesContent":["Meteor.startup(() => {\n  Accounts.validateNewUser((user) => {\n    if (user.emails && user.emails[0].address.length !== 0) {\n      return true;\n    }\n    throw new Meteor.Error(403, 'E-Mail address should not be blank');\n  });\n  Accounts.validateNewUser((user) => {\n    if (user.username && user.username.length >= 3) {\n      return true;\n    }\n    throw new Meteor.Error(403, 'Username must have at least 3 characters');\n  });\n});\n"]},"hash":"08f94b84a97cd7aba95e2b4f04d3051f06924dae"}
