{"metadata":{"modules":{"imports":[],"exports":{"exported":[],"specifiers":[]}},"usedHelpers":[]},"ignored":false,"code":"publicAccessible = FlowRouter.group({});\n\nsignInRequired = FlowRouter.group({\n  triggersEnter: [AccountsTemplates.ensureSignedIn]\n});\n\nsignInRequired.route('/', {\n  name: 'social',\n  action: function () {\n    BlazeLayout.render('layout', {\n      main: 'social'\n    });\n    setTitle('Social');\n  }\n});\n\nsignInRequired.route('/reviews', {\n  name: 'reviews',\n  action: function () {\n    BlazeLayout.render('layout', {\n      main: 'reviews'\n    });\n    setTitle('Reviews');\n  }\n});\n\nsignInRequired.route('/music', {\n  name: 'music',\n  action: function () {\n    BlazeLayout.render('layout', {\n      main: 'music'\n    });\n    setTitle('Music');\n  }\n});\n\nsignInRequired.route('/update-profile', {\n  name: 'updateProfile',\n  action: function () {\n    BlazeLayout.render('layout', {\n      main: 'updateProfile'\n    });\n    setTitle('Update profile');\n  }\n});\n\nsignInRequired.route('/users/:_id', {\n  name: 'profile',\n  action: function () {\n    BlazeLayout.render('layout', {\n      main: 'profile'\n    });\n    setTitle('Profile');\n  }\n});\n\nsignInRequired.route('/browse-users', {\n  name: 'browseUsers',\n  action: function () {\n    BlazeLayout.render('layout', {\n      main: 'browseUsers'\n    });\n    setTitle('Browse users');\n  }\n});\n\nsignInRequired.route('/following', {\n  name: 'following',\n  action: function () {\n    BlazeLayout.render('layout', {\n      main: 'following'\n    });\n    setTitle('Following');\n  }\n});\n\nsignInRequired.route('/follower', {\n  name: 'follower',\n  action: function () {\n    BlazeLayout.render('layout', {\n      main: 'follower'\n    });\n    setTitle('Follower');\n  }\n});\n\nsignInRequired.route('/messages', {\n  name: 'messages',\n  action: function () {\n    BlazeLayout.render('layout', {\n      main: 'messages'\n    });\n    setTitle('Messages');\n  }\n});","ast":null,"map":{"version":3,"sources":["/lib/router.js"],"names":[],"mappings":"AAAA,gBAAgB,GAAG,UAAU,CAAC,KAAK,CAAC,EAAE,CAAC,CAAC;;AAExC,cAAc,GAAG,UAAU,CAAC,KAAK,CAAC;AAChC,eAAa,EAAE,CAAC,iBAAiB,CAAC,cAAc,CAAC;CAClD,CAAC,CAAC;;AAEH,cAAc,CAAC,KAAK,CAAC,GAAG,EAAE;AACxB,MAAI,EAAE,QAAQ;AACd,QAAM,EAAE,YAAM;AACZ,eAAW,CAAC,MAAM,CAAC,QAAQ,EAAE;AAC3B,UAAI,EAAE,QAAQ;KACf,CAAC,CAAC;AACH,YAAQ,CAAC,QAAQ,CAAC,CAAC;GACpB;CACF,CAAC,CAAC;;AAEH,cAAc,CAAC,KAAK,CAAC,UAAU,EAAE;AAC3B,MAAI,EAAE,SAAS;AACf,QAAM,EAAE,YAAM;AACd,eAAW,CAAC,MAAM,CAAC,QAAQ,EAAE;AAC7B,UAAI,EAAE,SAAS;KAChB,CAAC,CAAC;AACP,YAAQ,CAAC,SAAS,CAAC,CAAC;GACnB;CACA,CAAC,CAAC;;AAEH,cAAc,CAAC,KAAK,CAAC,QAAQ,EAAE;AACzB,MAAI,EAAE,OAAO;AACb,QAAM,EAAE,YAAM;AACd,eAAW,CAAC,MAAM,CAAC,QAAQ,EAAE;AAC7B,UAAI,EAAE,OAAO;KACd,CAAC,CAAC;AACP,YAAQ,CAAC,OAAO,CAAC,CAAC;GACjB;CACA,CAAC,CAAC;;AAEH,cAAc,CAAC,KAAK,CAAC,iBAAiB,EAAE;AACtC,MAAI,EAAE,eAAe;AACrB,QAAM,EAAE,YAAM;AACZ,eAAW,CAAC,MAAM,CAAC,QAAQ,EAAE;AAC3B,UAAI,EAAE,eAAe;KACtB,CAAC,CAAC;AACH,YAAQ,CAAC,gBAAgB,CAAC,CAAC;GAC5B;CACF,CAAC,CAAC;;AAEH,cAAc,CAAC,KAAK,CAAC,aAAa,EAAE;AAClC,MAAI,EAAE,SAAS;AACf,QAAM,EAAE,YAAM;AACZ,eAAW,CAAC,MAAM,CAAC,QAAQ,EAAE;AAC3B,UAAI,EAAE,SAAS;KAChB,CAAC,CAAC;AACH,YAAQ,CAAC,SAAS,CAAC,CAAC;GACrB;CACF,CAAC,CAAC;;AAEH,cAAc,CAAC,KAAK,CAAC,eAAe,EAAE;AACpC,MAAI,EAAE,aAAa;AACnB,QAAM,EAAE,YAAM;AACZ,eAAW,CAAC,MAAM,CAAC,QAAQ,EAAE;AAC3B,UAAI,EAAE,aAAa;KACpB,CAAC,CAAC;AACH,YAAQ,CAAC,cAAc,CAAC,CAAC;GAC1B;CACF,CAAC,CAAC;;AAEH,cAAc,CAAC,KAAK,CAAC,YAAY,EAAE;AACjC,MAAI,EAAE,WAAW;AACjB,QAAM,EAAE,YAAM;AACZ,eAAW,CAAC,MAAM,CAAC,QAAQ,EAAE;AAC3B,UAAI,EAAE,WAAW;KAClB,CAAC,CAAC;AACH,YAAQ,CAAC,WAAW,CAAC,CAAC;GACvB;CACF,CAAC,CAAC;;AAEH,cAAc,CAAC,KAAK,CAAC,WAAW,EAAE;AAChC,MAAI,EAAE,UAAU;AAChB,QAAM,EAAE,YAAM;AACZ,eAAW,CAAC,MAAM,CAAC,QAAQ,EAAE;AAC3B,UAAI,EAAE,UAAU;KACjB,CAAC,CAAC;AACH,YAAQ,CAAC,UAAU,CAAC,CAAC;GACtB;CACF,CAAC,CAAC;;AAEH,cAAc,CAAC,KAAK,CAAC,WAAW,EAAE;AAChC,MAAI,EAAE,UAAU;AAChB,QAAM,EAAE,YAAM;AACZ,eAAW,CAAC,MAAM,CAAC,QAAQ,EAAE;AAC3B,UAAI,EAAE,UAAU;KACjB,CAAC,CAAC;AACH,YAAQ,CAAC,UAAU,CAAC,CAAC;GACtB;CACF,CAAC,CAAC","file":"/lib/router.js.map","sourcesContent":["publicAccessible = FlowRouter.group({});\n\nsignInRequired = FlowRouter.group({\n  triggersEnter: [AccountsTemplates.ensureSignedIn]\n});\n\nsignInRequired.route('/', {\n  name: 'social',\n  action: () => {\n    BlazeLayout.render('layout', {\n      main: 'social'\n    });\n    setTitle('Social');\n  }\n});\n\nsignInRequired.route('/reviews', {\n      name: 'reviews',\n      action: () => {\n      BlazeLayout.render('layout', {\n      main: 'reviews'\n    });\nsetTitle('Reviews');\n}\n});\n\nsignInRequired.route('/music', {\n      name: 'music',\n      action: () => {\n      BlazeLayout.render('layout', {\n      main: 'music'\n    });\nsetTitle('Music');\n}\n});\n\nsignInRequired.route('/update-profile', {\n  name: 'updateProfile',\n  action: () => {\n    BlazeLayout.render('layout', {\n      main: 'updateProfile'\n    });\n    setTitle('Update profile');\n  }\n});\n\nsignInRequired.route('/users/:_id', {\n  name: 'profile',\n  action: () => {\n    BlazeLayout.render('layout', {\n      main: 'profile'\n    });\n    setTitle('Profile');\n  }\n});\n\nsignInRequired.route('/browse-users', {\n  name: 'browseUsers',\n  action: () => {\n    BlazeLayout.render('layout', {\n      main: 'browseUsers'\n    });\n    setTitle('Browse users');\n  }\n});\n\nsignInRequired.route('/following', {\n  name: 'following',\n  action: () => {\n    BlazeLayout.render('layout', {\n      main: 'following'\n    });\n    setTitle('Following');\n  }\n});\n\nsignInRequired.route('/follower', {\n  name: 'follower',\n  action: () => {\n    BlazeLayout.render('layout', {\n      main: 'follower'\n    });\n    setTitle('Follower');\n  }\n});\n\nsignInRequired.route('/messages', {\n  name: 'messages',\n  action: () => {\n    BlazeLayout.render('layout', {\n      main: 'messages'\n    });\n    setTitle('Messages');\n  }\n});\n"]},"hash":"36fa262986363a5c0bbbb33c8d42b5e4ea34775b"}
