{"metadata":{"modules":{"imports":[],"exports":{"exported":[],"specifiers":[]}},"usedHelpers":[]},"ignored":false,"code":"Template.followButton.events({\n  'click [data-id=follow]': function (event, template) {\n    var _this = this;\n\n    Meteor.call('users.follow', this.user._id, function (error, result) {\n      if (error) {\n        Bert.alert(error.reason, 'danger', 'growl-top-right');\n      } else {\n        Bert.alert('You are now following @' + _this.user.username, 'success', 'growl-top-right');\n      }\n    });\n  },\n\n  'click [data-id=unfollow]': function (event, template) {\n    var _this2 = this;\n\n    Meteor.call('users.unfollow', this.user._id, function (error, result) {\n      if (error) {\n        Bert.alert(error.reason, 'danger', 'growl-top-right');\n      } else {\n        Bert.alert('You have unfollowed @' + _this2.user.username, 'success', 'growl-top-right');\n      }\n    });\n  }\n});\n\nTemplate.followButton.helpers({\n  isThisUserNotCurrentUser: function () {\n    return this.user._id !== Meteor.userId();\n  },\n\n  isCurrentUserFollowingThisUser: function () {\n    return Meteor.user().followingIds && Meteor.user().followingIds.indexOf(this.user._id) > -1;\n  }\n});","ast":null,"map":{"version":3,"sources":["/client/views/shared/_follow_button.js"],"names":[],"mappings":"AAAA,QAAQ,CAAC,YAAY,CAAC,MAAM,CAAC;AAC3B,0BAAwB,EAAE,UAAS,KAAK,EAAE,QAAQ,EAAE;;;AAClD,UAAM,CAAC,IAAI,CAAC,cAAc,EAAE,IAAI,CAAC,IAAI,CAAC,GAAG,EAAE,UAAC,KAAK,EAAE,MAAM,EAAK;AAC5D,UAAI,KAAK,EAAE;AACT,YAAI,CAAC,KAAK,CAAC,KAAK,CAAC,MAAM,EAAE,QAAQ,EAAE,iBAAiB,CAAC,CAAC;OACvD,MAAM;AACL,YAAI,CAAC,KAAK,6BAA2B,MAAK,IAAI,CAAC,QAAQ,EAAI,SAAS,EAAE,iBAAiB,CAAC,CAAC;OAC1F;KACF,CAAC,CAAC;GACJ;;AAED,4BAA0B,EAAE,UAAS,KAAK,EAAE,QAAQ,EAAE;;;AACpD,UAAM,CAAC,IAAI,CAAC,gBAAgB,EAAE,IAAI,CAAC,IAAI,CAAC,GAAG,EAAE,UAAC,KAAK,EAAE,MAAM,EAAK;AAC9D,UAAI,KAAK,EAAE;AACT,YAAI,CAAC,KAAK,CAAC,KAAK,CAAC,MAAM,EAAE,QAAQ,EAAE,iBAAiB,CAAC,CAAC;OACvD,MAAM;AACL,YAAI,CAAC,KAAK,2BAAyB,OAAK,IAAI,CAAC,QAAQ,EAAI,SAAS,EAAE,iBAAiB,CAAC,CAAC;OACxF;KACF,CAAC,CAAC;GACJ;CACF,CAAC,CAAC;;AAEH,QAAQ,CAAC,YAAY,CAAC,OAAO,CAAC;AAC5B,0BAAwB,EAAE,YAAW;AACnC,WAAO,IAAI,CAAC,IAAI,CAAC,GAAG,KAAK,MAAM,CAAC,MAAM,EAAE,CAAC;GAC1C;;AAED,gCAA8B,EAAE,YAAW;AACzC,WAAO,MAAM,CAAC,IAAI,EAAE,CAAC,YAAY,IAAI,MAAM,CAAC,IAAI,EAAE,CAAC,YAAY,CAAC,OAAO,CAAC,IAAI,CAAC,IAAI,CAAC,GAAG,CAAC,GAAG,CAAC,CAAC,CAAC;GAC7F;CACF,CAAC,CAAC","file":"/client/views/shared/_follow_button.js.map","sourcesContent":["Template.followButton.events({\n  'click [data-id=follow]': function(event, template) {\n    Meteor.call('users.follow', this.user._id, (error, result) => {\n      if (error) {\n        Bert.alert(error.reason, 'danger', 'growl-top-right');\n      } else {\n        Bert.alert(`You are now following @${this.user.username}`, 'success', 'growl-top-right');\n      }\n    });\n  },\n\n  'click [data-id=unfollow]': function(event, template) {\n    Meteor.call('users.unfollow', this.user._id, (error, result) => {\n      if (error) {\n        Bert.alert(error.reason, 'danger', 'growl-top-right');\n      } else {\n        Bert.alert(`You have unfollowed @${this.user.username}`, 'success', 'growl-top-right');\n      }\n    });\n  }\n});\n\nTemplate.followButton.helpers({\n  isThisUserNotCurrentUser: function() {\n    return this.user._id !== Meteor.userId();\n  },\n\n  isCurrentUserFollowingThisUser: function() {\n    return Meteor.user().followingIds && Meteor.user().followingIds.indexOf(this.user._id) > -1;\n  }\n});\n"]},"hash":"3727848b904eb993d127f19d5bc6ba3ffb2e6b01"}
