{"metadata":{"modules":{"imports":[],"exports":{"exported":[],"specifiers":[]}},"usedHelpers":[]},"ignored":false,"code":"Template.social.onCreated(function () {\n  var _this = this;\n\n  this.searchQuery = new ReactiveVar('');\n  this.filter = new ReactiveVar('all');\n  this.limit = new ReactiveVar(20);\n  this.postsCount = new ReactiveVar(0);\n\n  this.autorun(function () {\n    _this.subscribe('posts.all', _this.searchQuery.get(), _this.filter.get(), _this.limit.get());\n    _this.subscribe('users.all', _this.searchQuery.get(), _this.limit.get());\n    _this.postsCount.set(Counts.get('posts.all'));\n  });\n});\n\nTemplate.social.onRendered(function () {\n  autosize($('[data-id=body]'));\n\n  // Set submit button to disabled since text field is empty\n  $('input[type=submit]').addClass('disabled');\n});\n\nTemplate.social.helpers({\n  posts: function () {\n    var instance = Template.instance();\n    if (instance.searchQuery.get()) {\n      return Posts.find({}, { sort: [['score', 'desc']] });\n    }\n    return Posts.find({}, { sort: { createdAt: -1 } });\n  },\n\n  activeIfFilterIs: function (filter) {\n    if (filter === Template.instance().filter.get()) {\n      return 'active';\n    }\n  },\n\n  hasMorePosts: function () {\n    return Template.instance().limit.get() <= Template.instance().postsCount.get();\n  },\n  // Settings for autocomplete in post field\n  settings: function () {\n    return {\n      position: 'bottom',\n      limit: 5,\n      rules: [{\n        token: '@',\n        collection: Meteor.users,\n        field: 'username',\n        template: Template.userList,\n        filter: { _id: { $ne: Meteor.userId() } }\n      }]\n    };\n  }\n});\n\nTemplate.social.events({\n  'keyup [data-id=body]': function (event, template) {\n    // If body section has text enable the submit button, else disable it\n    if (template.find('[data-id=body]').value.toString().trim() !== '') {\n      $('input[type=submit]').removeClass('disabled');\n    } else {\n      $('input[type=submit]').addClass('disabled');\n    }\n  },\n\n  'submit [data-id=insert-post-form]': function (event, template) {\n    event.preventDefault();\n\n    // Only continue if button isn't disabled\n    if (!$('input[type=submit]').hasClass('disabled')) {\n      Meteor.call('posts.insert', template.find('[data-id=body]').value, function (error, result) {\n        if (error) {\n          Bert.alert(error.reason, 'danger', 'growl-top-right');\n        } else {\n          Bert.alert('Post successfully submitted', 'success', 'growl-top-right');\n          template.find('[data-id=body]').value = '';\n          $('[data-id=body]').css('height', '39px');\n          $('input[type=submit]').addClass('disabled');\n        }\n      });\n    }\n  },\n\n  'click [data-id=all]': function (event, template) {\n    template.filter.set('all');\n  },\n\n  'click [data-id=following]': function (events, template) {\n    template.filter.set('following');\n  },\n\n  'click [data-id=load-more]': function (event, template) {\n    template.limit.set(template.limit.get() + 20);\n  },\n\n  'keyup [data-id=search-query]': _.debounce(function (event, template) {\n    event.preventDefault();\n    template.searchQuery.set(template.find('[data-id=search-query]').value);\n    template.limit.set(20);\n  }, 300),\n\n  'submit [data-id=search-posts-form]': function (event, template) {\n    event.preventDefault();\n  }\n});","ast":null,"map":{"version":3,"sources":["/client/views/social.js"],"names":[],"mappings":"AAAA,QAAQ,CAAC,MAAM,CAAC,SAAS,CAAC,YAAW;;;AACnC,MAAI,CAAC,WAAW,GAAG,IAAI,WAAW,CAAC,EAAE,CAAC,CAAC;AACvC,MAAI,CAAC,MAAM,GAAG,IAAI,WAAW,CAAC,KAAK,CAAC,CAAC;AACrC,MAAI,CAAC,KAAK,GAAG,IAAI,WAAW,CAAC,EAAE,CAAC,CAAC;AACjC,MAAI,CAAC,UAAU,GAAG,IAAI,WAAW,CAAC,CAAC,CAAC,CAAC;;AAErC,MAAI,CAAC,OAAO,CAAC,YAAM;AACjB,UAAK,SAAS,CAAC,WAAW,EAAE,MAAK,WAAW,CAAC,GAAG,EAAE,EAAE,MAAK,MAAM,CAAC,GAAG,EAAE,EAAE,MAAK,KAAK,CAAC,GAAG,EAAE,CAAC,CAAC;AACzF,UAAK,SAAS,CAAC,WAAW,EAAE,MAAK,WAAW,CAAC,GAAG,EAAE,EAAE,MAAK,KAAK,CAAC,GAAG,EAAE,CAAC,CAAC;AACtE,UAAK,UAAU,CAAC,GAAG,CAAC,MAAM,CAAC,GAAG,CAAC,WAAW,CAAC,CAAC,CAAC;GAC9C,CAAC,CAAC;CACJ,CAAC,CAAC;;AAEH,QAAQ,CAAC,MAAM,CAAC,UAAU,CAAC,YAAM;AAC/B,UAAQ,CAAC,CAAC,CAAC,gBAAgB,CAAC,CAAC,CAAC;;;AAG9B,GAAC,CAAC,oBAAoB,CAAC,CAAC,QAAQ,CAAC,UAAU,CAAC,CAAC;CAC9C,CAAC,CAAC;;AAEH,QAAQ,CAAC,MAAM,CAAC,OAAO,CAAC;AACtB,OAAK,EAAE,YAAM;AACX,QAAM,QAAQ,GAAG,QAAQ,CAAC,QAAQ,EAAE,CAAC;AACrC,QAAI,QAAQ,CAAC,WAAW,CAAC,GAAG,EAAE,EAAE;AAC9B,aAAO,KAAK,CAAC,IAAI,CAAC,EAAE,EAAE,EAAE,IAAI,EAAE,CAAC,CAAC,OAAO,EAAE,MAAM,CAAC,CAAC,EAAE,CAAC,CAAC;KACtD;AACD,WAAO,KAAK,CAAC,IAAI,CAAC,EAAE,EAAE,EAAE,IAAI,EAAE,EAAE,SAAS,EAAE,CAAC,CAAC,EAAE,EAAE,CAAC,CAAC;GACpD;;AAED,kBAAgB,EAAE,UAAC,MAAM,EAAK;AAC5B,QAAI,MAAM,KAAK,QAAQ,CAAC,QAAQ,EAAE,CAAC,MAAM,CAAC,GAAG,EAAE,EAAE;AAC/C,aAAO,QAAQ,CAAC;KACjB;GACF;;AAED,cAAY,EAAE,YAAM;AAClB,WAAO,QAAQ,CAAC,QAAQ,EAAE,CAAC,KAAK,CAAC,GAAG,EAAE,IAAI,QAAQ,CAAC,QAAQ,EAAE,CAAC,UAAU,CAAC,GAAG,EAAE,CAAC;GAChF;;AAED,UAAQ,EAAE,YAAM;AACd,WAAO;AACL,cAAQ,EAAE,QAAQ;AAClB,WAAK,EAAE,CAAC;AACR,WAAK,EAAE,CAAC;AACN,aAAK,EAAE,GAAG;AACV,kBAAU,EAAE,MAAM,CAAC,KAAK;AACxB,aAAK,EAAE,UAAU;AACjB,gBAAQ,EAAE,QAAQ,CAAC,QAAQ;AAC3B,cAAM,EAAE,EAAE,GAAG,EAAE,EAAE,GAAG,EAAE,MAAM,CAAC,MAAM,EAAE,EAAE,EAAC;OACzC,CAAC;KACH,CAAC;GACH;CACF,CAAC,CAAC;;AAEH,QAAQ,CAAC,MAAM,CAAC,MAAM,CAAC;AACrB,wBAAsB,EAAE,UAAC,KAAK,EAAE,QAAQ,EAAK;;AAE3C,QAAI,QAAQ,CAAC,IAAI,CAAC,gBAAgB,CAAC,CAAC,KAAK,CAAC,QAAQ,EAAE,CAAC,IAAI,EAAE,KAAK,EAAE,EAAE;AAClE,OAAC,CAAC,oBAAoB,CAAC,CAAC,WAAW,CAAC,UAAU,CAAC,CAAC;KACjD,MAAM;AACL,OAAC,CAAC,oBAAoB,CAAC,CAAC,QAAQ,CAAC,UAAU,CAAC,CAAC;KAC9C;GACF;;AAED,qCAAmC,EAAE,UAAC,KAAK,EAAE,QAAQ,EAAK;AACxD,SAAK,CAAC,cAAc,EAAE,CAAC;;;AAGvB,QAAI,CAAC,CAAC,CAAC,oBAAoB,CAAC,CAAC,QAAQ,CAAC,UAAU,CAAC,EAAE;AACjD,YAAM,CAAC,IAAI,CAAC,cAAc,EAAE,QAAQ,CAAC,IAAI,CAAC,gBAAgB,CAAC,CAAC,KAAK,EAAE,UAAC,KAAK,EAAE,MAAM,EAAK;AACpF,YAAI,KAAK,EAAE;AACT,cAAI,CAAC,KAAK,CAAC,KAAK,CAAC,MAAM,EAAE,QAAQ,EAAE,iBAAiB,CAAC,CAAC;SACvD,MAAM;AACL,cAAI,CAAC,KAAK,CAAC,6BAA6B,EAAE,SAAS,EAAE,iBAAiB,CAAC,CAAC;AACxE,kBAAQ,CAAC,IAAI,CAAC,gBAAgB,CAAC,CAAC,KAAK,GAAG,EAAE,CAAC;AAC3C,WAAC,CAAC,gBAAgB,CAAC,CAAC,GAAG,CAAC,QAAQ,EAAE,MAAM,CAAC,CAAC;AAC1C,WAAC,CAAC,oBAAoB,CAAC,CAAC,QAAQ,CAAC,UAAU,CAAC,CAAC;SAC9C;OACF,CAAC,CAAC;KACJ;GACF;;AAED,uBAAqB,EAAE,UAAC,KAAK,EAAE,QAAQ,EAAK;AAC1C,YAAQ,CAAC,MAAM,CAAC,GAAG,CAAC,KAAK,CAAC,CAAC;GAC5B;;AAED,6BAA2B,EAAE,UAAC,MAAM,EAAE,QAAQ,EAAK;AACjD,YAAQ,CAAC,MAAM,CAAC,GAAG,CAAC,WAAW,CAAC,CAAC;GAClC;;AAED,6BAA2B,EAAE,UAAC,KAAK,EAAE,QAAQ,EAAK;AAChD,YAAQ,CAAC,KAAK,CAAC,GAAG,CAAC,QAAQ,CAAC,KAAK,CAAC,GAAG,EAAE,GAAG,EAAE,CAAC,CAAC;GAC/C;;AAED,gCAA8B,EAAE,CAAC,CAAC,QAAQ,CAAC,UAAC,KAAK,EAAE,QAAQ,EAAK;AAC9D,SAAK,CAAC,cAAc,EAAE,CAAC;AACvB,YAAQ,CAAC,WAAW,CAAC,GAAG,CAAC,QAAQ,CAAC,IAAI,CAAC,wBAAwB,CAAC,CAAC,KAAK,CAAC,CAAC;AACxE,YAAQ,CAAC,KAAK,CAAC,GAAG,CAAC,EAAE,CAAC,CAAC;GACxB,EAAE,GAAG,CAAC;;AAEP,sCAAoC,EAAE,UAAC,KAAK,EAAE,QAAQ,EAAK;AACzD,SAAK,CAAC,cAAc,EAAE,CAAC;GACxB;CACF,CAAC,CAAC","file":"/client/views/social.js.map","sourcesContent":["Template.social.onCreated(function() {\n  this.searchQuery = new ReactiveVar('');\n  this.filter = new ReactiveVar('all');\n  this.limit = new ReactiveVar(20);\n  this.postsCount = new ReactiveVar(0);\n\n  this.autorun(() => {\n    this.subscribe('posts.all', this.searchQuery.get(), this.filter.get(), this.limit.get());\n    this.subscribe('users.all', this.searchQuery.get(), this.limit.get());\n    this.postsCount.set(Counts.get('posts.all'));\n  });\n});\n\nTemplate.social.onRendered(() => {\n  autosize($('[data-id=body]'));\n\n  // Set submit button to disabled since text field is empty\n  $('input[type=submit]').addClass('disabled');\n});\n\nTemplate.social.helpers({\n  posts: () => {\n    const instance = Template.instance();\n    if (instance.searchQuery.get()) {\n      return Posts.find({}, { sort: [['score', 'desc']] });\n    }\n    return Posts.find({}, { sort: { createdAt: -1 } });\n  },\n\n  activeIfFilterIs: (filter) => {\n    if (filter === Template.instance().filter.get()) {\n      return 'active';\n    }\n  },\n\n  hasMorePosts: () => {\n    return Template.instance().limit.get() <= Template.instance().postsCount.get();\n  },\n  // Settings for autocomplete in post field\n  settings: () => {\n    return {\n      position: 'bottom',\n      limit: 5,\n      rules: [{\n        token: '@',\n        collection: Meteor.users,\n        field: 'username',\n        template: Template.userList,\n        filter: { _id: { $ne: Meteor.userId() }}\n      }]\n    };\n  }\n});\n\nTemplate.social.events({\n  'keyup [data-id=body]': (event, template) => {\n    // If body section has text enable the submit button, else disable it\n    if (template.find('[data-id=body]').value.toString().trim() !== '') {\n      $('input[type=submit]').removeClass('disabled');\n    } else {\n      $('input[type=submit]').addClass('disabled');\n    }\n  },\n\n  'submit [data-id=insert-post-form]': (event, template) => {\n    event.preventDefault();\n\n    // Only continue if button isn't disabled\n    if (!$('input[type=submit]').hasClass('disabled')) {\n      Meteor.call('posts.insert', template.find('[data-id=body]').value, (error, result) => {\n        if (error) {\n          Bert.alert(error.reason, 'danger', 'growl-top-right');\n        } else {\n          Bert.alert('Post successfully submitted', 'success', 'growl-top-right');\n          template.find('[data-id=body]').value = '';\n          $('[data-id=body]').css('height', '39px');\n          $('input[type=submit]').addClass('disabled');\n        }\n      });\n    }\n  },\n\n  'click [data-id=all]': (event, template) => {\n    template.filter.set('all');\n  },\n\n  'click [data-id=following]': (events, template) => {\n    template.filter.set('following');\n  },\n\n  'click [data-id=load-more]': (event, template) => {\n    template.limit.set(template.limit.get() + 20);\n  },\n\n  'keyup [data-id=search-query]': _.debounce((event, template) => {\n    event.preventDefault();\n    template.searchQuery.set(template.find('[data-id=search-query]').value);\n    template.limit.set(20);\n  }, 300),\n\n  'submit [data-id=search-posts-form]': (event, template) => {\n    event.preventDefault();\n  }\n});\n"]},"hash":"464f5e16d867f0e5ebfbacc67f7e15edc43bae5e"}
