{"metadata":{"modules":{"imports":[],"exports":{"exported":[],"specifiers":[]}},"usedHelpers":[]},"ignored":false,"code":"Template.profile.events({\n  'click [data-id=load-more]': function (event, template) {\n    template.limit.set(template.limit.get() + 20);\n  }\n});\n\nTemplate.profile.helpers({\n  user: function () {\n    return Meteor.users.findOne({ _id: FlowRouter.getParam('_id') });\n  },\n\n  posts: function () {\n    return Posts.find({}, { sort: { createdAt: -1 } });\n  },\n\n  hasMorePosts: function () {\n    return Template.instance().limit.get() <= Template.instance().userPostsCount.get();\n  }\n});\n\nTemplate.profile.onCreated(function () {\n  var _this = this;\n\n  this.limit = new ReactiveVar(20);\n  this.userPostsCount = new ReactiveVar(0);\n\n  this.autorun(function () {\n    _this.subscribe('users.profile', FlowRouter.getParam('_id'), _this.limit.get());\n    _this.userPostsCount.set(Counts.get('users.profile'));\n\n    // Get current user's social media accounts\n    var profileUser = Meteor.users.findOne({ _id: FlowRouter.getParam('_id') });\n\n    // Display social media links\n    if (profileUser && profileUser.socialMedia) {\n      $('#socialMediaAccounts').empty();\n      for (var prop in babelHelpers.sanitizeForInObject(profileUser.socialMedia)) {\n        var smLink = '<a id=\"' + prop + '\" class=\"smAccount\" href=\"' + profileUser.socialMedia[prop] + '\"><img src=\"/img/' + prop + '.svg\"/></a>';\n        $(smLink).appendTo('#socialMediaAccounts');\n      }\n    }\n  });\n});","ast":null,"map":{"version":3,"sources":["/client/views/users/profile.js"],"names":[],"mappings":"AAAA,QAAQ,CAAC,OAAO,CAAC,MAAM,CAAC;AACtB,6BAA2B,EAAE,UAAC,KAAK,EAAE,QAAQ,EAAK;AAChD,YAAQ,CAAC,KAAK,CAAC,GAAG,CAAC,QAAQ,CAAC,KAAK,CAAC,GAAG,EAAE,GAAG,EAAE,CAAC,CAAC;GAC/C;CACF,CAAC,CAAC;;AAEH,QAAQ,CAAC,OAAO,CAAC,OAAO,CAAC;AACvB,MAAI,EAAE,YAAM;AACV,WAAO,MAAM,CAAC,KAAK,CAAC,OAAO,CAAC,EAAE,GAAG,EAAE,UAAU,CAAC,QAAQ,CAAC,KAAK,CAAC,EAAE,CAAC,CAAC;GAClE;;AAED,OAAK,EAAE,YAAW;AAChB,WAAO,KAAK,CAAC,IAAI,CAAC,EAAE,EAAE,EAAE,IAAI,EAAE,EAAE,SAAS,EAAE,CAAC,CAAC,EAAE,EAAE,CAAC,CAAC;GACpD;;AAED,cAAY,EAAE,YAAM;AAClB,WAAO,QAAQ,CAAC,QAAQ,EAAE,CAAC,KAAK,CAAC,GAAG,EAAE,IAAI,QAAQ,CAAC,QAAQ,EAAE,CAAC,cAAc,CAAC,GAAG,EAAE,CAAC;GACpF;CACF,CAAC,CAAC;;AAEH,QAAQ,CAAC,OAAO,CAAC,SAAS,CAAC,YAAY;;;AACrC,MAAI,CAAC,KAAK,GAAG,IAAI,WAAW,CAAC,EAAE,CAAC,CAAC;AACjC,MAAI,CAAC,cAAc,GAAG,IAAI,WAAW,CAAC,CAAC,CAAC,CAAC;;AAEzC,MAAI,CAAC,OAAO,CAAC,YAAM;AACjB,UAAK,SAAS,CAAC,eAAe,EAAE,UAAU,CAAC,QAAQ,CAAC,KAAK,CAAC,EAAE,MAAK,KAAK,CAAC,GAAG,EAAE,CAAC,CAAC;AAC9E,UAAK,cAAc,CAAC,GAAG,CAAC,MAAM,CAAC,GAAG,CAAC,eAAe,CAAC,CAAC,CAAC;;;AAGrD,QAAI,WAAW,GAAG,MAAM,CAAC,KAAK,CAAC,OAAO,CAAC,EAAC,GAAG,EAAE,UAAU,CAAC,QAAQ,CAAC,KAAK,CAAC,EAAC,CAAC,CAAC;;;AAG1E,QAAI,WAAW,IAAI,WAAW,CAAC,WAAW,EAAE;AAC1C,OAAC,CAAC,sBAAsB,CAAC,CAAC,KAAK,EAAE,CAAC;AAClC,WAAK,IAAI,IAAI,qCAAI,WAAW,CAAC,WAAW,GAAE;AACxC,YAAI,MAAM,GAAG,SAAS,GAAG,IAAI,GAAG,4BAA4B,GAAG,WAAW,CAAC,WAAW,CAAC,IAAI,CAAC,GAAG,mBAAmB,GAAG,IAAI,GAAG,aAAa,CAAC;AAC1I,SAAC,CAAC,MAAM,CAAC,CAAC,QAAQ,CAAC,sBAAsB,CAAC,CAAC;OAC5C;KACF;GACF,CAAC,CAAC;CACJ,CAAC,CAAC","file":"/client/views/users/profile.js.map","sourcesContent":["Template.profile.events({\n  'click [data-id=load-more]': (event, template) => {\n    template.limit.set(template.limit.get() + 20);\n  }\n});\n\nTemplate.profile.helpers({\n  user: () => {\n    return Meteor.users.findOne({ _id: FlowRouter.getParam('_id') });\n  },\n\n  posts: function() {\n    return Posts.find({}, { sort: { createdAt: -1 } });\n  },\n\n  hasMorePosts: () => {\n    return Template.instance().limit.get() <= Template.instance().userPostsCount.get();\n  }\n});\n\nTemplate.profile.onCreated(function () {\n  this.limit = new ReactiveVar(20);\n  this.userPostsCount = new ReactiveVar(0);\n\n  this.autorun(() => {\n    this.subscribe('users.profile', FlowRouter.getParam('_id'), this.limit.get());\n    this.userPostsCount.set(Counts.get('users.profile'));\n\n    // Get current user's social media accounts\n    let profileUser = Meteor.users.findOne({_id: FlowRouter.getParam('_id')});\n\n    // Display social media links\n    if (profileUser && profileUser.socialMedia) {\n      $('#socialMediaAccounts').empty();\n      for (var prop in profileUser.socialMedia) {\n        let smLink = '<a id=\"' + prop + '\" class=\"smAccount\" href=\"' + profileUser.socialMedia[prop] + '\"><img src=\"/img/' + prop + '.svg\"/></a>';\n        $(smLink).appendTo('#socialMediaAccounts');\n      }\n    }\n  });\n});\n"]},"hash":"4f8ffc23092b78a7bc0e10c8afcb690a3ba062df"}
