{"metadata":{"modules":{"imports":[],"exports":{"exported":[],"specifiers":[]}},"usedHelpers":[]},"ignored":false,"code":"var getHeight = function () {\n  var windowHeight = $(window).height(),\n      headerHeight = $('.main-header').outerHeight(true),\n      footerHeight = $('.footer').outerHeight(true);\n\n  return windowHeight - headerHeight - footerHeight + 'px';\n};\n\nTemplate.layout.onCreated(function () {\n  this.minHeight = new ReactiveVar(0);\n});\n\nTemplate.layout.onRendered(function () {\n  var _this = this;\n\n  this.minHeight.set(getHeight());\n\n  $(window).resize(function () {\n    _this.minHeight.set(getHeight());\n  });\n});","ast":null,"map":{"version":3,"sources":["/client/views/layout.js"],"names":[],"mappings":"AAAA,IAAI,SAAS,GAAG,YAAM;AACpB,MAAI,YAAY,GAAG,CAAC,CAAC,MAAM,CAAC,CAAC,MAAM,EAAE;MACjC,YAAY,GAAG,CAAC,CAAC,cAAc,CAAC,CAAC,WAAW,CAAC,IAAI,CAAC;MAClD,YAAY,GAAG,CAAC,CAAC,SAAS,CAAC,CAAC,WAAW,CAAC,IAAI,CAAC,CAAC;;AAElD,SAAU,YAAY,GAAG,YAAY,GAAG,YAAY,QAAK;CAC1D,CAAC;;AAEF,QAAQ,CAAC,MAAM,CAAC,SAAS,CAAC,YAAW;AACnC,MAAI,CAAC,SAAS,GAAG,IAAI,WAAW,CAAC,CAAC,CAAC,CAAC;CACrC,CAAC,CAAC;;AAEH,QAAQ,CAAC,MAAM,CAAC,UAAU,CAAC,YAAW;;;AACpC,MAAI,CAAC,SAAS,CAAC,GAAG,CAAC,SAAS,EAAE,CAAC,CAAC;;AAEhC,GAAC,CAAC,MAAM,CAAC,CAAC,MAAM,CAAC,YAAM;AACrB,UAAK,SAAS,CAAC,GAAG,CAAC,SAAS,EAAE,CAAC,CAAC;GACjC,CAAC,CAAC;CACJ,CAAC,CAAC","file":"/client/views/layout.js.map","sourcesContent":["let getHeight = () => {\n  let windowHeight = $(window).height(),\n      headerHeight = $('.main-header').outerHeight(true),\n      footerHeight = $('.footer').outerHeight(true);\n\n  return `${windowHeight - headerHeight - footerHeight}px`;\n};\n\nTemplate.layout.onCreated(function() {\n  this.minHeight = new ReactiveVar(0);\n});\n\nTemplate.layout.onRendered(function() {\n  this.minHeight.set(getHeight());\n\n  $(window).resize(() => {\n    this.minHeight.set(getHeight());\n  });\n});\n"]},"hash":"6f822a3900015a34706b721ef3a7bc1bb49f55e3"}
