{"metadata":{"modules":{"imports":[],"exports":{"exported":[],"specifiers":[]}},"usedHelpers":[]},"ignored":false,"code":"setTitle = function (title) {\n  var base = 'Gravity';\n  if (title) {\n    document.title = title + ' - ' + base;\n  }\n};","ast":null,"map":{"version":3,"sources":["/client/lib/main.js"],"names":[],"mappings":"AAAA,QAAQ,GAAG,UAAC,KAAK,EAAK;AACpB,MAAI,IAAI,GAAG,SAAS,CAAC;AACrB,MAAI,KAAK,EAAE;AACT,YAAQ,CAAC,KAAK,GAAG,KAAK,GAAG,KAAK,GAAG,IAAI,CAAC;GACvC;CACF,CAAC","file":"/client/lib/main.js.map","sourcesContent":["setTitle = (title) => {\n  let base = 'Gravity';\n  if (title) {\n    document.title = title + ' - ' + base;\n  }\n};\n"]},"hash":"988f9d1a3a7008a9273a1f1f8fc77d9bf245b396"}
