{"metadata":{"modules":{"imports":[],"exports":{"exported":[],"specifiers":[]}},"usedHelpers":[]},"ignored":false,"code":"Template.browseUsers.events({\n  'click [data-id=load-more]': function (event, template) {\n    template.limit.set(template.limit.get() + 20);\n  },\n\n  'keyup [data-id=search-query]': _.debounce(function (event, template) {\n    event.preventDefault();\n    template.searchQuery.set(template.find('[data-id=search-query]').value);\n    template.limit.set(20);\n  }, 300),\n\n  'submit [data-id=search-users-form]': function (event, template) {\n    event.preventDefault();\n  }\n});\n\nTemplate.browseUsers.helpers({\n  users: function () {\n    return Meteor.users.find({ _id: { $ne: Meteor.userId() } }, { sort: { createdAt: -1 } });\n  },\n\n  hasMoreUsers: function () {\n    return Template.instance().limit.get() <= Template.instance().usersCount.get();\n  }\n});\n\nTemplate.browseUsers.onCreated(function () {\n  var _this = this;\n\n  this.searchQuery = new ReactiveVar('');\n  this.limit = new ReactiveVar(20);\n  this.usersCount = new ReactiveVar(0);\n\n  this.autorun(function () {\n    _this.subscribe('users.all', _this.searchQuery.get(), _this.limit.get());\n    _this.usersCount.set(Counts.get('users.all'));\n  });\n});","ast":null,"map":{"version":3,"sources":["/client/views/users/browse_users.js"],"names":[],"mappings":"AAAA,QAAQ,CAAC,WAAW,CAAC,MAAM,CAAC;AAC1B,6BAA2B,EAAE,UAAC,KAAK,EAAE,QAAQ,EAAK;AAChD,YAAQ,CAAC,KAAK,CAAC,GAAG,CAAC,QAAQ,CAAC,KAAK,CAAC,GAAG,EAAE,GAAG,EAAE,CAAC,CAAC;GAC/C;;AAED,gCAA8B,EAAE,CAAC,CAAC,QAAQ,CAAC,UAAC,KAAK,EAAE,QAAQ,EAAK;AAC9D,SAAK,CAAC,cAAc,EAAE,CAAC;AACvB,YAAQ,CAAC,WAAW,CAAC,GAAG,CAAC,QAAQ,CAAC,IAAI,CAAC,wBAAwB,CAAC,CAAC,KAAK,CAAC,CAAC;AACxE,YAAQ,CAAC,KAAK,CAAC,GAAG,CAAC,EAAE,CAAC,CAAC;GACxB,EAAE,GAAG,CAAC;;AAEP,sCAAoC,EAAE,UAAC,KAAK,EAAE,QAAQ,EAAK;AACzD,SAAK,CAAC,cAAc,EAAE,CAAC;GACxB;CACF,CAAC,CAAC;;AAEH,QAAQ,CAAC,WAAW,CAAC,OAAO,CAAC;AAC3B,OAAK,EAAE,YAAM;AACX,WAAO,MAAM,CAAC,KAAK,CAAC,IAAI,CAAC,EAAE,GAAG,EAAE,EAAE,GAAG,EAAE,MAAM,CAAC,MAAM,EAAE,EAAE,EAAE,EAAE,EAAE,IAAI,EAAE,EAAE,SAAS,EAAE,CAAC,CAAC,EAAE,EAAE,CAAC,CAAC;GAC1F;;AAED,cAAY,EAAE,YAAM;AAClB,WAAO,QAAQ,CAAC,QAAQ,EAAE,CAAC,KAAK,CAAC,GAAG,EAAE,IAAI,QAAQ,CAAC,QAAQ,EAAE,CAAC,UAAU,CAAC,GAAG,EAAE,CAAC;GAChF;CACF,CAAC,CAAC;;AAEH,QAAQ,CAAC,WAAW,CAAC,SAAS,CAAC,YAAW;;;AACxC,MAAI,CAAC,WAAW,GAAG,IAAI,WAAW,CAAC,EAAE,CAAC,CAAC;AACvC,MAAI,CAAC,KAAK,GAAG,IAAI,WAAW,CAAC,EAAE,CAAC,CAAC;AACjC,MAAI,CAAC,UAAU,GAAG,IAAI,WAAW,CAAC,CAAC,CAAC,CAAC;;AAErC,MAAI,CAAC,OAAO,CAAC,YAAM;AACjB,UAAK,SAAS,CAAC,WAAW,EAAE,MAAK,WAAW,CAAC,GAAG,EAAE,EAAE,MAAK,KAAK,CAAC,GAAG,EAAE,CAAC,CAAC;AACtE,UAAK,UAAU,CAAC,GAAG,CAAC,MAAM,CAAC,GAAG,CAAC,WAAW,CAAC,CAAC,CAAC;GAC9C,CAAC,CAAC;CACJ,CAAC,CAAC","file":"/client/views/users/browse_users.js.map","sourcesContent":["Template.browseUsers.events({\n  'click [data-id=load-more]': (event, template) => {\n    template.limit.set(template.limit.get() + 20);\n  },\n\n  'keyup [data-id=search-query]': _.debounce((event, template) => {\n    event.preventDefault();\n    template.searchQuery.set(template.find('[data-id=search-query]').value);\n    template.limit.set(20);\n  }, 300),\n\n  'submit [data-id=search-users-form]': (event, template) => {\n    event.preventDefault();\n  }\n});\n\nTemplate.browseUsers.helpers({\n  users: () => {\n    return Meteor.users.find({ _id: { $ne: Meteor.userId() } }, { sort: { createdAt: -1 } });\n  },\n\n  hasMoreUsers: () => {\n    return Template.instance().limit.get() <= Template.instance().usersCount.get();\n  }\n});\n\nTemplate.browseUsers.onCreated(function() {\n  this.searchQuery = new ReactiveVar('');\n  this.limit = new ReactiveVar(20);\n  this.usersCount = new ReactiveVar(0);\n\n  this.autorun(() => {\n    this.subscribe('users.all', this.searchQuery.get(), this.limit.get());\n    this.usersCount.set(Counts.get('users.all'));\n  });\n});\n"]},"hash":"a2b829194b0b09e1f4d2982f1ce8e3dcd0c6204c"}
