{"metadata":{"modules":{"imports":[],"exports":{"exported":[],"specifiers":[]}},"usedHelpers":[]},"ignored":false,"code":"setTitle = function (title) {\n  var base = 'Revusic';\n  if (title) {\n    document.title = title + ' - ' + base;\n  }\n};","ast":null,"map":{"version":3,"sources":["/client/lib/main.js"],"names":[],"mappings":"AAAA,QAAQ,GAAG,UAAC,KAAK,EAAK;AACpB,MAAI,IAAI,GAAG,SAAS,CAAC;AACrB,MAAI,KAAK,EAAE;AACT,YAAQ,CAAC,KAAK,GAAG,KAAK,GAAG,KAAK,GAAG,IAAI,CAAC;GACvC;CACF,CAAC","file":"/client/lib/main.js.map","sourcesContent":["setTitle = (title) => {\n  let base = 'Revusic';\n  if (title) {\n    document.title = title + ' - ' + base;\n  }\n};\n"]},"hash":"a3bead1fa9405dbe2583fd11f103a74b6de51372"}
