{"metadata":{"modules":{"imports":[],"exports":{"exported":[],"specifiers":[]}},"usedHelpers":[]},"ignored":false,"code":"Template.post.events({\n  'click [data-id=remove-post]': function (event, template) {\n    var self = this;\n\n    // Sweet Alert delete confirmation\n    swal({\n      title: 'Delete post?',\n      text: 'Are you sure that you want to delete this post?',\n      type: 'error',\n      showCancelButton: true,\n      closeOnConfirm: true,\n      cancelButtonText: 'No',\n      confirmButtonText: 'Yes, delete it!',\n      confirmButtonColor: '#da5347'\n    }, function () {\n      Meteor.call('posts.remove', self._id, function (error, result) {\n        if (error) {\n          Bert.alert(error.reason, 'danger', 'growl-top-right');\n        } else {\n          Bert.alert('Post successfully removed', 'success', 'growl-top-right');\n        }\n      });\n    });\n  }\n});\n\nTemplate.post.helpers({\n  author: function () {\n    return Meteor.users.findOne({ _id: this.authorId });\n  },\n\n  belongsPostToUser: function () {\n    return this.authorId === Meteor.userId();\n  },\n  formatDate: function (date) {\n    var currDate = moment(new Date()),\n        msgDate = moment(new Date(date));\n\n    var diff = currDate.diff(msgDate, 'days');\n\n    if (diff === 0 && currDate.day() === msgDate.day()) {\n      var hourDiff = currDate.diff(msgDate, 'hours'),\n          minDiff = currDate.diff(msgDate, 'minutes');\n      if (hourDiff > 0) {\n        if (hourDiff === 1) {\n          return hourDiff + ' hr';\n        } else {\n          return hourDiff + ' hrs';\n        }\n      } else if (minDiff > 0) {\n        if (minDiff === 1) {\n          return minDiff + ' min';\n        } else {\n          return minDiff + ' mins';\n        }\n      } else {\n        return 'Just now';\n      }\n    } else if (diff <= 1 && currDate.day() !== msgDate.day()) {\n      return 'Yesterday at ' + moment(date).format('h:mm a');\n    } else {\n      if (currDate.year() !== msgDate.year()) {\n        return moment(date).format('MMMM DD, YYYY');\n      } else {\n        return moment(date).format('MMMM DD') + ' at ' + moment(date).format('h:mm a');\n      }\n    }\n  }\n});","ast":null,"map":{"version":3,"sources":["/client/views/shared/_post.js"],"names":[],"mappings":"AAAA,QAAQ,CAAC,IAAI,CAAC,MAAM,CAAC;AACnB,+BAA6B,EAAE,UAAS,KAAK,EAAE,QAAQ,EAAE;AACvD,QAAI,IAAI,GAAG,IAAI,CAAC;;;AAGhB,QAAI,CAAC;AACH,WAAK,EAAE,cAAc;AACrB,UAAI,EAAE,iDAAiD;AACvD,UAAI,EAAE,OAAO;AACb,sBAAgB,EAAE,IAAI;AACtB,oBAAc,EAAE,IAAI;AACpB,sBAAgB,EAAE,IAAI;AACtB,uBAAiB,EAAE,iBAAiB;AACpC,wBAAkB,EAAE,SAAS;KAC9B,EAAE,YAAW;AACZ,YAAM,CAAC,IAAI,CAAC,cAAc,EAAE,IAAI,CAAC,GAAG,EAAE,UAAC,KAAK,EAAE,MAAM,EAAK;AACvD,YAAI,KAAK,EAAE;AACT,cAAI,CAAC,KAAK,CAAC,KAAK,CAAC,MAAM,EAAE,QAAQ,EAAE,iBAAiB,CAAC,CAAC;SACvD,MAAM;AACL,cAAI,CAAC,KAAK,CAAC,2BAA2B,EAAE,SAAS,EAAE,iBAAiB,CAAC,CAAC;SACvE;OACF,CAAC,CAAC;KACJ,CAAC,CAAC;GACJ;CACF,CAAC,CAAC;;AAEH,QAAQ,CAAC,IAAI,CAAC,OAAO,CAAC;AACpB,QAAM,EAAE,YAAW;AACjB,WAAO,MAAM,CAAC,KAAK,CAAC,OAAO,CAAC,EAAE,GAAG,EAAE,IAAI,CAAC,QAAQ,EAAE,CAAC,CAAC;GACrD;;AAED,mBAAiB,EAAE,YAAW;AAC5B,WAAO,IAAI,CAAC,QAAQ,KAAK,MAAM,CAAC,MAAM,EAAE,CAAC;GAC1C;AACD,YAAU,EAAE,UAAS,IAAI,EAAE;AACzB,QAAI,QAAQ,GAAG,MAAM,CAAC,IAAI,IAAI,EAAE,CAAC;QAC7B,OAAO,GAAG,MAAM,CAAC,IAAI,IAAI,CAAC,IAAI,CAAC,CAAC,CAAC;;AAErC,QAAI,IAAI,GAAG,QAAQ,CAAC,IAAI,CAAC,OAAO,EAAE,MAAM,CAAC,CAAC;;AAE1C,QAAI,IAAI,KAAK,CAAC,IAAI,QAAQ,CAAC,GAAG,EAAE,KAAK,OAAO,CAAC,GAAG,EAAE,EAAE;AAClD,UAAI,QAAQ,GAAG,QAAQ,CAAC,IAAI,CAAC,OAAO,EAAE,OAAO,CAAC;UAC1C,OAAO,GAAG,QAAQ,CAAC,IAAI,CAAC,OAAO,EAAE,SAAS,CAAC,CAAC;AAChD,UAAI,QAAQ,GAAG,CAAC,EAAE;AAChB,YAAI,QAAQ,KAAK,CAAC,EAAE;AAClB,iBAAQ,QAAQ,GAAG,KAAK,CAAE;SAC3B,MAAM;AACL,iBAAQ,QAAQ,GAAG,MAAM,CAAE;SAC5B;OACF,MAAM,IAAI,OAAO,GAAG,CAAC,EAAE;AACtB,YAAI,OAAO,KAAK,CAAC,EAAE;AACjB,iBAAQ,OAAO,GAAG,MAAM,CAAE;SAC3B,MAAM;AACL,iBAAQ,OAAO,GAAG,OAAO,CAAE;SAC5B;OACF,MAAM;AACL,eAAO,UAAU,CAAC;OACnB;KACF,MAAM,IAAI,IAAI,IAAI,CAAC,IAAI,QAAQ,CAAC,GAAG,EAAE,KAAK,OAAO,CAAC,GAAG,EAAE,EAAE;AACxD,aAAQ,eAAe,GAAG,MAAM,CAAC,IAAI,CAAC,CAAC,MAAM,CAAC,QAAQ,CAAC,CAAE;KAC1D,MAAM;AACL,UAAI,QAAQ,CAAC,IAAI,EAAE,KAAK,OAAO,CAAC,IAAI,EAAE,EAAE;AACtC,eAAO,MAAM,CAAC,IAAI,CAAC,CAAC,MAAM,CAAC,eAAe,CAAC,CAAC;OAC7C,MAAM;AACL,eAAQ,MAAM,CAAC,IAAI,CAAC,CAAC,MAAM,CAAC,SAAS,CAAC,GAAG,MAAM,GAAG,MAAM,CAAC,IAAI,CAAC,CAAC,MAAM,CAAC,QAAQ,CAAC,CAAE;OAClF;KACF;GACF;CACF,CAAC,CAAC","file":"/client/views/shared/_post.js.map","sourcesContent":["Template.post.events({\n  'click [data-id=remove-post]': function(event, template) {\n    let self = this;\n\n    // Sweet Alert delete confirmation\n    swal({\n      title: 'Delete post?',\n      text: 'Are you sure that you want to delete this post?',\n      type: 'error',\n      showCancelButton: true,\n      closeOnConfirm: true,\n      cancelButtonText: 'No',\n      confirmButtonText: 'Yes, delete it!',\n      confirmButtonColor: '#da5347'\n    }, function() {\n      Meteor.call('posts.remove', self._id, (error, result) => {\n        if (error) {\n          Bert.alert(error.reason, 'danger', 'growl-top-right');\n        } else {\n          Bert.alert('Post successfully removed', 'success', 'growl-top-right');\n        }\n      });\n    });\n  }\n});\n\nTemplate.post.helpers({\n  author: function() {\n    return Meteor.users.findOne({ _id: this.authorId });\n  },\n\n  belongsPostToUser: function() {\n    return this.authorId === Meteor.userId();\n  },\n  formatDate: function(date) {\n    let currDate = moment(new Date()),\n        msgDate = moment(new Date(date));\n\n    let diff = currDate.diff(msgDate, 'days');\n\n    if (diff === 0 && currDate.day() === msgDate.day()) {\n      let hourDiff = currDate.diff(msgDate, 'hours'),\n          minDiff = currDate.diff(msgDate, 'minutes');\n      if (hourDiff > 0) {\n        if (hourDiff === 1) {\n          return (hourDiff + ' hr');\n        } else {\n          return (hourDiff + ' hrs');\n        }\n      } else if (minDiff > 0) {\n        if (minDiff === 1) {\n          return (minDiff + ' min');\n        } else {\n          return (minDiff + ' mins');\n        }\n      } else {\n        return 'Just now';\n      }\n    } else if (diff <= 1 && currDate.day() !== msgDate.day()) {\n      return ('Yesterday at ' + moment(date).format('h:mm a'));\n    } else {\n      if (currDate.year() !== msgDate.year()) {\n        return moment(date).format('MMMM DD, YYYY');\n      } else {\n        return (moment(date).format('MMMM DD') + ' at ' + moment(date).format('h:mm a'));\n      }\n    }\n  }\n});\n"]},"hash":"b405a25e3b3bd6cce68c0cf7fb8876a89a6d0b82"}
