{"metadata":{"modules":{"imports":[],"exports":{"exported":[],"specifiers":[]}},"usedHelpers":[]},"ignored":false,"code":"Posts = new Mongo.Collection('posts');\n\nMeteor.methods({\n  'posts.insert': function (body) {\n    check(body, String);\n\n    if (!Meteor.user()) {\n      throw new Meteor.Error(401, 'You need to be signed in to continue');\n    }\n    if (!body) {\n      throw new Meteor.Error(422, 'Body should not be blank');\n    }\n\n    var post = {\n      body: body,\n      authorId: Meteor.userId(),\n      createdAt: new Date(),\n      updatedAt: new Date()\n    };\n\n    return Posts.insert(post);\n  },\n\n  'posts.remove': function (_id) {\n    check(_id, String);\n\n    if (!Meteor.user()) {\n      throw new Meteor.Error(401, 'You need to be signed in to continue');\n    }\n    if (!_id) {\n      throw new Meteor.Error(422, '_id should not be blank');\n    }\n    if (Meteor.userId() !== Posts.findOne({ _id: _id }).authorId) {\n      throw new Meteor.Error(422, 'You can only remove your own posts');\n    }\n\n    Posts.remove({ _id: _id });\n  }\n});","ast":null,"map":{"version":3,"sources":["/collections/posts.js"],"names":[],"mappings":"AAAA,KAAK,GAAG,IAAI,KAAK,CAAC,UAAU,CAAC,OAAO,CAAC,CAAC;;AAEtC,MAAM,CAAC,OAAO,CAAC;AACb,gBAAc,EAAE,UAAC,IAAI,EAAK;AACxB,SAAK,CAAC,IAAI,EAAE,MAAM,CAAC,CAAC;;AAEpB,QAAI,CAAC,MAAM,CAAC,IAAI,EAAE,EAAE;AAClB,YAAM,IAAI,MAAM,CAAC,KAAK,CAAC,GAAG,EAAE,sCAAsC,CAAC,CAAC;KACrE;AACD,QAAI,CAAC,IAAI,EAAE;AACT,YAAM,IAAI,MAAM,CAAC,KAAK,CAAC,GAAG,EAAE,0BAA0B,CAAC,CAAC;KACzD;;AAED,QAAI,IAAI,GAAG;AACT,UAAI,EAAE,IAAI;AACV,cAAQ,EAAE,MAAM,CAAC,MAAM,EAAE;AACzB,eAAS,EAAE,IAAI,IAAI,EAAE;AACrB,eAAS,EAAE,IAAI,IAAI,EAAE;KACtB,CAAC;;AAEF,WAAO,KAAK,CAAC,MAAM,CAAC,IAAI,CAAC,CAAC;GAC3B;;AAED,gBAAc,EAAE,UAAC,GAAG,EAAK;AACvB,SAAK,CAAC,GAAG,EAAE,MAAM,CAAC,CAAC;;AAEnB,QAAI,CAAC,MAAM,CAAC,IAAI,EAAE,EAAE;AAClB,YAAM,IAAI,MAAM,CAAC,KAAK,CAAC,GAAG,EAAE,sCAAsC,CAAC,CAAC;KACrE;AACD,QAAI,CAAC,GAAG,EAAE;AACR,YAAM,IAAI,MAAM,CAAC,KAAK,CAAC,GAAG,EAAE,yBAAyB,CAAC,CAAC;KACxD;AACD,QAAI,MAAM,CAAC,MAAM,EAAE,KAAK,KAAK,CAAC,OAAO,CAAC,EAAE,GAAG,EAAE,GAAG,EAAE,CAAC,CAAC,QAAQ,EAAE;AAC5D,YAAM,IAAI,MAAM,CAAC,KAAK,CAAC,GAAG,EAAE,oCAAoC,CAAC,CAAC;KACnE;;AAED,SAAK,CAAC,MAAM,CAAC,EAAE,GAAG,EAAE,GAAG,EAAE,CAAC,CAAC;GAC5B;CACF,CAAC,CAAC","file":"/collections/posts.js.map","sourcesContent":["Posts = new Mongo.Collection('posts');\n\nMeteor.methods({\n  'posts.insert': (body) => {\n    check(body, String);\n\n    if (!Meteor.user()) {\n      throw new Meteor.Error(401, 'You need to be signed in to continue');\n    }\n    if (!body) {\n      throw new Meteor.Error(422, 'Body should not be blank');\n    }\n\n    let post = {\n      body: body,\n      authorId: Meteor.userId(),\n      createdAt: new Date(),\n      updatedAt: new Date()\n    };\n\n    return Posts.insert(post);\n  },\n\n  'posts.remove': (_id) => {\n    check(_id, String);\n\n    if (!Meteor.user()) {\n      throw new Meteor.Error(401, 'You need to be signed in to continue');\n    }\n    if (!_id) {\n      throw new Meteor.Error(422, '_id should not be blank');\n    }\n    if (Meteor.userId() !== Posts.findOne({ _id: _id }).authorId) {\n      throw new Meteor.Error(422, 'You can only remove your own posts');\n    }\n\n    Posts.remove({ _id: _id });\n  }\n});\n"]},"hash":"cda4231a582519a80e5d07bb34e1fdfe327cc10b"}
