{"metadata":{"modules":{"imports":[],"exports":{"exported":[],"specifiers":[]}},"usedHelpers":[]},"ignored":false,"code":"Template.updateProfile.onCreated(function () {\n  var _this = this;\n\n  this.searchQuery = new ReactiveVar('');\n  this.limit = new ReactiveVar(20);\n  this.usersCount = new ReactiveVar(0);\n\n  this.autorun(function () {\n    // Set subscriptions\n    _this.subscribe('users.all', _this.searchQuery.get(), _this.limit.get());\n    _this.usersCount.set(Counts.get('users.all'));\n\n    // Get current user's social media accounts\n    var currentUser = Meteor.users.findOne({ _id: Meteor.userId() });\n\n    // Display social media links\n    if (currentUser && currentUser.socialMedia) {\n      $('#socialMediaAccounts').empty();\n      for (var prop in babelHelpers.sanitizeForInObject(currentUser.socialMedia)) {\n        var smLink = '<a id=\"' + prop + '\" class=\"smAccount\" href=\"' + currentUser.socialMedia[prop] + '\"><img src=\"/img/' + prop + '.svg\"/></a>';\n        $(smLink).appendTo('#socialMediaAccounts');\n      }\n    }\n  });\n});\n\nTemplate.updateProfile.onRendered(function () {\n  $('input[type=submit]').addClass('disabled');\n  Session.set('startingBio', $('[data-id=biography]').val());\n});\n\nTemplate.updateProfile.events({\n  'keyup [data-id=biography], keyup [data-id=addSocialMedia]': function (event, template) {\n    // If bio section has changed or social media section has text enable the submit button, else disable it\n    if (template.find('[data-id=biography]').value !== Session.get('startingBio') || template.find('[data-id=addSocialMedia]').value.toString().trim() !== '') {\n      $('input[type=submit]').removeClass('disabled');\n    } else {\n      $('input[type=submit]').addClass('disabled');\n    }\n  },\n\n  'submit [data-id=update-profile-form]': function (event, template) {\n    event.preventDefault();\n\n    // Only continue if button isn't disabled\n    if (!$('input[type=submit]').hasClass('disabled')) {\n      (function () {\n        var user = {\n          biography: template.find('[data-id=biography]').value,\n          socialMedia: {}\n        };\n\n        // Get current social media accounts for this user\n        user.socialMedia = Meteor.users.findOne({ _id: Meteor.userId() }).socialMedia || {};\n\n        var bioChanged = false,\n            numSmAdded = 0,\n            numInvalidSm = 0;\n        if (user.biography !== Session.get('startingBio')) {\n          bioChanged = true;\n        }\n\n        // Add social media accounts if any were entered\n        var newSocialMedia = template.find('[data-id=addSocialMedia]').value.toString().split(',');\n        for (var x = 0; x < newSocialMedia.length; x++) {\n          newSocialMedia[x] = newSocialMedia[x].trim();\n\n          if (newSocialMedia[x] !== '') {\n            if (newSocialMedia[x].indexOf('http://') === -1 && newSocialMedia[x].indexOf('https://') === -1) {\n              newSocialMedia[x] = 'http://' + newSocialMedia[x];\n            }\n\n            if (newSocialMedia[x].toLowerCase().indexOf('facebook') !== -1) {\n              user.socialMedia.facebook = newSocialMedia[x];\n              numSmAdded++;\n            } else if (newSocialMedia[x].toLowerCase().indexOf('twitter') !== -1) {\n              user.socialMedia.twitter = newSocialMedia[x];\n              numSmAdded++;\n            } else if (newSocialMedia[x].toLowerCase().indexOf('linkedin') !== -1) {\n              user.socialMedia.linkedin = newSocialMedia[x];\n              numSmAdded++;\n            } else if (newSocialMedia[x].toLowerCase().indexOf('instagram') !== -1) {\n              user.socialMedia.instagram = newSocialMedia[x];\n              numSmAdded++;\n            } else if (newSocialMedia[x].toLowerCase().indexOf('plus.google') !== -1) {\n              user.socialMedia.googlePlus = newSocialMedia[x];\n              numSmAdded++;\n            } else if (newSocialMedia[x].toLowerCase().indexOf('github') !== -1) {\n              user.socialMedia.github = newSocialMedia[x];\n              numSmAdded++;\n            } else if (newSocialMedia[x].toLowerCase().indexOf('youtube') !== -1) {\n              user.socialMedia.youtube = newSocialMedia[x];\n              numSmAdded++;\n            } else {\n              numInvalidSm++;\n            }\n          }\n        }\n\n        if (bioChanged || numSmAdded > 0) {\n          Meteor.call('users.updateProfile', user, function (error, result) {\n            if (error) {\n              Bert.alert(error.reason, 'danger', 'growl-top-right');\n            } else {\n              if (numInvalidSm > 0) {\n                Bert.alert('Profile updated but some social media links were invalid', 'success', 'growl-top-right');\n              } else {\n                Bert.alert('Profile successfully updated', 'success', 'growl-top-right');\n              }\n\n              template.find('[data-id=addSocialMedia]').value = '';\n            }\n          });\n        } else {\n          Bert.alert('Invalid social media links', 'danger', 'growl-top-right');\n        }\n      })();\n    }\n  }\n});","ast":null,"map":{"version":3,"sources":["/client/views/users/update_profile.js"],"names":[],"mappings":"AAAA,QAAQ,CAAC,aAAa,CAAC,SAAS,CAAC,YAAW;;;AAC1C,MAAI,CAAC,WAAW,GAAG,IAAI,WAAW,CAAC,EAAE,CAAC,CAAC;AACvC,MAAI,CAAC,KAAK,GAAG,IAAI,WAAW,CAAC,EAAE,CAAC,CAAC;AACjC,MAAI,CAAC,UAAU,GAAG,IAAI,WAAW,CAAC,CAAC,CAAC,CAAC;;AAErC,MAAI,CAAC,OAAO,CAAC,YAAM;;AAEjB,UAAK,SAAS,CAAC,WAAW,EAAE,MAAK,WAAW,CAAC,GAAG,EAAE,EAAE,MAAK,KAAK,CAAC,GAAG,EAAE,CAAC,CAAC;AACtE,UAAK,UAAU,CAAC,GAAG,CAAC,MAAM,CAAC,GAAG,CAAC,WAAW,CAAC,CAAC,CAAC;;;AAG7C,QAAI,WAAW,GAAG,MAAM,CAAC,KAAK,CAAC,OAAO,CAAC,EAAC,GAAG,EAAE,MAAM,CAAC,MAAM,EAAE,EAAC,CAAC,CAAC;;;AAG/D,QAAI,WAAW,IAAI,WAAW,CAAC,WAAW,EAAE;AAC1C,OAAC,CAAC,sBAAsB,CAAC,CAAC,KAAK,EAAE,CAAC;AAClC,WAAK,IAAI,IAAI,qCAAI,WAAW,CAAC,WAAW,GAAE;AACxC,YAAI,MAAM,GAAG,SAAS,GAAG,IAAI,GAAG,4BAA4B,GAAG,WAAW,CAAC,WAAW,CAAC,IAAI,CAAC,GAAG,mBAAmB,GAAG,IAAI,GAAG,aAAa,CAAC;AAC1I,SAAC,CAAC,MAAM,CAAC,CAAC,QAAQ,CAAC,sBAAsB,CAAC,CAAC;OAC5C;KACF;GACF,CAAC,CAAC;CACJ,CAAC,CAAC;;AAEH,QAAQ,CAAC,aAAa,CAAC,UAAU,CAAC,YAAW;AAC3C,GAAC,CAAC,oBAAoB,CAAC,CAAC,QAAQ,CAAC,UAAU,CAAC,CAAC;AAC7C,SAAO,CAAC,GAAG,CAAC,aAAa,EAAE,CAAC,CAAC,qBAAqB,CAAC,CAAC,GAAG,EAAE,CAAC,CAAC;CAC5D,CAAC,CAAC;;AAEH,QAAQ,CAAC,aAAa,CAAC,MAAM,CAAC;AAC5B,6DAA2D,EAAE,UAAC,KAAK,EAAE,QAAQ,EAAK;;AAEhF,QAAI,QAAQ,CAAC,IAAI,CAAC,qBAAqB,CAAC,CAAC,KAAK,KAAK,OAAO,CAAC,GAAG,CAAC,aAAa,CAAC,IAC7E,QAAQ,CAAC,IAAI,CAAC,0BAA0B,CAAC,CAAC,KAAK,CAAC,QAAQ,EAAE,CAAC,IAAI,EAAE,KAAK,EAAE,EAAE;AACxE,OAAC,CAAC,oBAAoB,CAAC,CAAC,WAAW,CAAC,UAAU,CAAC,CAAC;KACjD,MAAM;AACL,OAAC,CAAC,oBAAoB,CAAC,CAAC,QAAQ,CAAC,UAAU,CAAC,CAAC;KAC9C;GACF;;AAED,wCAAsC,EAAE,UAAC,KAAK,EAAE,QAAQ,EAAK;AAC3D,SAAK,CAAC,cAAc,EAAE,CAAC;;;AAGvB,QAAI,CAAC,CAAC,CAAC,oBAAoB,CAAC,CAAC,QAAQ,CAAC,UAAU,CAAC,EAAE;;AACjD,YAAI,IAAI,GAAG;AACT,mBAAS,EAAE,QAAQ,CAAC,IAAI,CAAC,qBAAqB,CAAC,CAAC,KAAK;AACrD,qBAAW,EAAE,EAAG;SACjB,CAAC;;;AAGF,YAAI,CAAC,WAAW,GAAG,MAAM,CAAC,KAAK,CAAC,OAAO,CAAC,EAAC,GAAG,EAAE,MAAM,CAAC,MAAM,EAAE,EAAC,CAAC,CAAC,WAAW,IAAI,EAAE,CAAC;;AAElF,YAAI,UAAU,GAAG,KAAK;YAClB,UAAU,GAAG,CAAC;YACd,YAAY,GAAG,CAAC,CAAC;AACrB,YAAI,IAAI,CAAC,SAAS,KAAK,OAAO,CAAC,GAAG,CAAC,aAAa,CAAC,EAAE;AACjD,oBAAU,GAAG,IAAI,CAAC;SACnB;;;AAGD,YAAI,cAAc,GAAG,QAAQ,CAAC,IAAI,CAAC,0BAA0B,CAAC,CAAC,KAAK,CAAC,QAAQ,EAAE,CAAC,KAAK,CAAC,GAAG,CAAC,CAAC;AAC3F,aAAK,IAAI,CAAC,GAAG,CAAC,EAAE,CAAC,GAAG,cAAc,CAAC,MAAM,EAAE,CAAC,EAAE,EAAE;AAC9C,wBAAc,CAAC,CAAC,CAAC,GAAG,cAAc,CAAC,CAAC,CAAC,CAAC,IAAI,EAAE,CAAC;;AAE7C,cAAI,cAAc,CAAC,CAAC,CAAC,KAAK,EAAE,EAAE;AAC5B,gBAAI,cAAc,CAAC,CAAC,CAAC,CAAC,OAAO,CAAC,SAAS,CAAC,KAAK,CAAC,CAAC,IAAI,cAAc,CAAC,CAAC,CAAC,CAAC,OAAO,CAAC,UAAU,CAAC,KAAK,CAAC,CAAC,EAAE;AAC/F,4BAAc,CAAC,CAAC,CAAC,GAAG,SAAS,GAAG,cAAc,CAAC,CAAC,CAAC,CAAC;aACnD;;AAED,gBAAI,cAAc,CAAC,CAAC,CAAC,CAAC,WAAW,EAAE,CAAC,OAAO,CAAC,UAAU,CAAC,KAAK,CAAC,CAAC,EAAE;AAC9D,kBAAI,CAAC,WAAW,CAAC,QAAQ,GAAG,cAAc,CAAC,CAAC,CAAC,CAAC;AAC9C,wBAAU,EAAE,CAAC;aACd,MAAM,IAAI,cAAc,CAAC,CAAC,CAAC,CAAC,WAAW,EAAE,CAAC,OAAO,CAAC,SAAS,CAAC,KAAK,CAAC,CAAC,EAAE;AACpE,kBAAI,CAAC,WAAW,CAAC,OAAO,GAAG,cAAc,CAAC,CAAC,CAAC,CAAC;AAC7C,wBAAU,EAAE,CAAC;aACd,MAAM,IAAI,cAAc,CAAC,CAAC,CAAC,CAAC,WAAW,EAAE,CAAC,OAAO,CAAC,UAAU,CAAC,KAAK,CAAC,CAAC,EAAE;AACrE,kBAAI,CAAC,WAAW,CAAC,QAAQ,GAAG,cAAc,CAAC,CAAC,CAAC,CAAC;AAC9C,wBAAU,EAAE,CAAC;aACd,MAAM,IAAI,cAAc,CAAC,CAAC,CAAC,CAAC,WAAW,EAAE,CAAC,OAAO,CAAC,WAAW,CAAC,KAAK,CAAC,CAAC,EAAE;AACtE,kBAAI,CAAC,WAAW,CAAC,SAAS,GAAG,cAAc,CAAC,CAAC,CAAC,CAAC;AAC/C,wBAAU,EAAE,CAAC;aACd,MAAM,IAAI,cAAc,CAAC,CAAC,CAAC,CAAC,WAAW,EAAE,CAAC,OAAO,CAAC,aAAa,CAAC,KAAK,CAAC,CAAC,EAAE;AACxE,kBAAI,CAAC,WAAW,CAAC,UAAU,GAAG,cAAc,CAAC,CAAC,CAAC,CAAC;AAChD,wBAAU,EAAE,CAAC;aACd,MAAM,IAAI,cAAc,CAAC,CAAC,CAAC,CAAC,WAAW,EAAE,CAAC,OAAO,CAAC,QAAQ,CAAC,KAAK,CAAC,CAAC,EAAE;AACnE,kBAAI,CAAC,WAAW,CAAC,MAAM,GAAG,cAAc,CAAC,CAAC,CAAC,CAAC;AAC5C,wBAAU,EAAE,CAAC;aACd,MAAM,IAAI,cAAc,CAAC,CAAC,CAAC,CAAC,WAAW,EAAE,CAAC,OAAO,CAAC,SAAS,CAAC,KAAK,CAAC,CAAC,EAAE;AACpE,kBAAI,CAAC,WAAW,CAAC,OAAO,GAAG,cAAc,CAAC,CAAC,CAAC,CAAC;AAC7C,wBAAU,EAAE,CAAC;aACd,MAAM;AACL,0BAAY,EAAE,CAAC;aAChB;WACF;SACF;;AAED,YAAI,UAAU,IAAI,UAAU,GAAG,CAAC,EAAE;AAChC,gBAAM,CAAC,IAAI,CAAC,qBAAqB,EAAE,IAAI,EAAE,UAAC,KAAK,EAAE,MAAM,EAAK;AAC1D,gBAAI,KAAK,EAAE;AACT,kBAAI,CAAC,KAAK,CAAC,KAAK,CAAC,MAAM,EAAE,QAAQ,EAAE,iBAAiB,CAAC,CAAC;aACvD,MAAM;AACL,kBAAI,YAAY,GAAG,CAAC,EAAE;AACpB,oBAAI,CAAC,KAAK,CAAC,0DAA0D,EAAE,SAAS,EAAE,iBAAiB,CAAC,CAAC;eACtG,MAAM;AACL,oBAAI,CAAC,KAAK,CAAC,8BAA8B,EAAE,SAAS,EAAE,iBAAiB,CAAC,CAAC;eAC1E;;AAED,sBAAQ,CAAC,IAAI,CAAC,0BAA0B,CAAC,CAAC,KAAK,GAAG,EAAE,CAAC;aACtD;WACF,CAAC,CAAC;SACJ,MAAM;AACL,cAAI,CAAC,KAAK,CAAC,4BAA4B,EAAE,QAAQ,EAAE,iBAAiB,CAAC,CAAC;SACvE;;KACF;GACF;CACF,CAAC,CAAC","file":"/client/views/users/update_profile.js.map","sourcesContent":["Template.updateProfile.onCreated(function() {\n  this.searchQuery = new ReactiveVar('');\n  this.limit = new ReactiveVar(20);\n  this.usersCount = new ReactiveVar(0);\n\n  this.autorun(() => {\n    // Set subscriptions\n    this.subscribe('users.all', this.searchQuery.get(), this.limit.get());\n    this.usersCount.set(Counts.get('users.all'));\n\n    // Get current user's social media accounts\n    let currentUser = Meteor.users.findOne({_id: Meteor.userId()});\n\n    // Display social media links\n    if (currentUser && currentUser.socialMedia) {\n      $('#socialMediaAccounts').empty();\n      for (var prop in currentUser.socialMedia) {\n        let smLink = '<a id=\"' + prop + '\" class=\"smAccount\" href=\"' + currentUser.socialMedia[prop] + '\"><img src=\"/img/' + prop + '.svg\"/></a>';\n        $(smLink).appendTo('#socialMediaAccounts');\n      }\n    }\n  });\n});\n\nTemplate.updateProfile.onRendered(function() {\n  $('input[type=submit]').addClass('disabled');\n  Session.set('startingBio', $('[data-id=biography]').val());\n});\n\nTemplate.updateProfile.events({\n  'keyup [data-id=biography], keyup [data-id=addSocialMedia]': (event, template) => {\n    // If bio section has changed or social media section has text enable the submit button, else disable it\n    if (template.find('[data-id=biography]').value !== Session.get('startingBio') || \n    template.find('[data-id=addSocialMedia]').value.toString().trim() !== '') {\n      $('input[type=submit]').removeClass('disabled');\n    } else {\n      $('input[type=submit]').addClass('disabled');\n    }\n  },\n\n  'submit [data-id=update-profile-form]': (event, template) => {\n    event.preventDefault();\n\n    // Only continue if button isn't disabled\n    if (!$('input[type=submit]').hasClass('disabled')) {\n      let user = {\n        biography: template.find('[data-id=biography]').value,\n        socialMedia: { }\n      };\n\n      // Get current social media accounts for this user\n      user.socialMedia = Meteor.users.findOne({_id: Meteor.userId()}).socialMedia || {}; \n\n      let bioChanged = false,\n          numSmAdded = 0,\n          numInvalidSm = 0;\n      if (user.biography !== Session.get('startingBio')) {\n        bioChanged = true;\n      }\n\n      // Add social media accounts if any were entered\n      let newSocialMedia = template.find('[data-id=addSocialMedia]').value.toString().split(',');\n      for (let x = 0; x < newSocialMedia.length; x++) {\n        newSocialMedia[x] = newSocialMedia[x].trim();\n\n        if (newSocialMedia[x] !== '') {\n          if (newSocialMedia[x].indexOf('http://') === -1 && newSocialMedia[x].indexOf('https://') === -1) {\n            newSocialMedia[x] = 'http://' + newSocialMedia[x];\n          }\n\n          if (newSocialMedia[x].toLowerCase().indexOf('facebook') !== -1) {\n            user.socialMedia.facebook = newSocialMedia[x];\n            numSmAdded++;\n          } else if (newSocialMedia[x].toLowerCase().indexOf('twitter') !== -1) {\n            user.socialMedia.twitter = newSocialMedia[x];\n            numSmAdded++;\n          } else if (newSocialMedia[x].toLowerCase().indexOf('linkedin') !== -1) {\n            user.socialMedia.linkedin = newSocialMedia[x];\n            numSmAdded++;\n          } else if (newSocialMedia[x].toLowerCase().indexOf('instagram') !== -1) {\n            user.socialMedia.instagram = newSocialMedia[x];\n            numSmAdded++;\n          } else if (newSocialMedia[x].toLowerCase().indexOf('plus.google') !== -1) {\n            user.socialMedia.googlePlus = newSocialMedia[x];\n            numSmAdded++;\n          } else if (newSocialMedia[x].toLowerCase().indexOf('github') !== -1) {\n            user.socialMedia.github = newSocialMedia[x];\n            numSmAdded++;\n          } else if (newSocialMedia[x].toLowerCase().indexOf('youtube') !== -1) {\n            user.socialMedia.youtube = newSocialMedia[x];\n            numSmAdded++;\n          } else {\n            numInvalidSm++;\n          }\n        }\n      }\n\n      if (bioChanged || numSmAdded > 0) {\n        Meteor.call('users.updateProfile', user, (error, result) => {\n          if (error) {\n            Bert.alert(error.reason, 'danger', 'growl-top-right');\n          } else {\n            if (numInvalidSm > 0) {\n              Bert.alert('Profile updated but some social media links were invalid', 'success', 'growl-top-right');\n            } else {\n              Bert.alert('Profile successfully updated', 'success', 'growl-top-right');\n            }\n\n            template.find('[data-id=addSocialMedia]').value = '';\n          }\n        });\n      } else {\n        Bert.alert('Invalid social media links', 'danger', 'growl-top-right');\n      }\n    }\n  }\n});\n"]},"hash":"d2d4cf494dde320532687dacb45e16b398359ebf"}
