{"metadata":{"modules":{"imports":[],"exports":{"exported":[],"specifiers":[]}},"usedHelpers":[]},"ignored":false,"code":"Meteor.methods({\n  'users.updateProfile': function (user) {\n    check(user, {\n      biography: String,\n      socialMedia: Object\n    });\n\n    if (!Meteor.user()) {\n      throw new Meteor.Error(401, 'You need to be signed in to continue');\n    }\n\n    Meteor.users.update({ _id: Meteor.userId() }, { $set: { biography: user.biography, socialMedia: user.socialMedia } });\n  },\n\n  'users.follow': function (_id) {\n    check(_id, String);\n\n    if (!Meteor.user()) {\n      throw new Meteor.Error(401, 'You need to be signed in to continue');\n    }\n    if (Meteor.userId() === _id) {\n      throw new Meteor.Error(422, 'You can not follow yourself');\n    }\n\n    Meteor.users.update({ _id: Meteor.userId() }, { $addToSet: { followingIds: _id } });\n  },\n\n  'users.unfollow': function (_id) {\n    check(_id, String);\n\n    if (!Meteor.user()) {\n      throw new Meteor.Error(401, 'You need to be signed in to continue');\n    }\n    if (Meteor.userId() === _id) {\n      throw new Meteor.Error(422, 'You can not unfollow yourself');\n    }\n\n    Meteor.users.update({ _id: Meteor.userId() }, { $pull: { followingIds: _id } });\n  }\n});","ast":null,"map":{"version":3,"sources":["/collections/users.js"],"names":[],"mappings":"AAAA,MAAM,CAAC,OAAO,CAAC;AACb,uBAAqB,EAAE,UAAC,IAAI,EAAK;AAC/B,SAAK,CAAC,IAAI,EAAE;AACV,eAAS,EAAE,MAAM;AACjB,iBAAW,EAAE,MAAM;KACpB,CAAC,CAAC;;AAEH,QAAI,CAAC,MAAM,CAAC,IAAI,EAAE,EAAE;AAClB,YAAM,IAAI,MAAM,CAAC,KAAK,CAAC,GAAG,EAAE,sCAAsC,CAAC,CAAC;KACrE;;AAED,UAAM,CAAC,KAAK,CAAC,MAAM,CAAC,EAAE,GAAG,EAAE,MAAM,CAAC,MAAM,EAAE,EAAE,EAAE,EAAE,IAAI,EAAE,EAAE,SAAS,EAAE,IAAI,CAAC,SAAS,EAAE,WAAW,EAAE,IAAI,CAAC,WAAW,EAAE,EAAE,CAAE,CAAC;GACxH;;AAED,gBAAc,EAAE,UAAC,GAAG,EAAK;AACvB,SAAK,CAAC,GAAG,EAAE,MAAM,CAAC,CAAC;;AAEnB,QAAI,CAAC,MAAM,CAAC,IAAI,EAAE,EAAE;AAClB,YAAM,IAAI,MAAM,CAAC,KAAK,CAAC,GAAG,EAAE,sCAAsC,CAAC,CAAC;KACrE;AACD,QAAI,MAAM,CAAC,MAAM,EAAE,KAAK,GAAG,EAAE;AAC3B,YAAM,IAAI,MAAM,CAAC,KAAK,CAAC,GAAG,EAAE,6BAA6B,CAAC,CAAC;KAC5D;;AAED,UAAM,CAAC,KAAK,CAAC,MAAM,CAAC,EAAE,GAAG,EAAE,MAAM,CAAC,MAAM,EAAE,EAAE,EAAE,EAAE,SAAS,EAAE,EAAE,YAAY,EAAE,GAAG,EAAE,EAAE,CAAC,CAAC;GACrF;;AAED,kBAAgB,EAAE,UAAC,GAAG,EAAK;AACzB,SAAK,CAAC,GAAG,EAAE,MAAM,CAAC,CAAC;;AAEnB,QAAI,CAAC,MAAM,CAAC,IAAI,EAAE,EAAE;AAClB,YAAM,IAAI,MAAM,CAAC,KAAK,CAAC,GAAG,EAAE,sCAAsC,CAAC,CAAC;KACrE;AACD,QAAI,MAAM,CAAC,MAAM,EAAE,KAAK,GAAG,EAAE;AAC3B,YAAM,IAAI,MAAM,CAAC,KAAK,CAAC,GAAG,EAAE,+BAA+B,CAAC,CAAC;KAC9D;;AAED,UAAM,CAAC,KAAK,CAAC,MAAM,CAAC,EAAE,GAAG,EAAE,MAAM,CAAC,MAAM,EAAE,EAAE,EAAE,EAAE,KAAK,EAAE,EAAE,YAAY,EAAE,GAAG,EAAE,EAAE,CAAC,CAAC;GACjF;CACF,CAAC,CAAC","file":"/collections/users.js.map","sourcesContent":["Meteor.methods({\n  'users.updateProfile': (user) => {\n    check(user, {\n      biography: String,\n      socialMedia: Object\n    });\n\n    if (!Meteor.user()) {\n      throw new Meteor.Error(401, 'You need to be signed in to continue');\n    }\n\n    Meteor.users.update({ _id: Meteor.userId() }, { $set: { biography: user.biography, socialMedia: user.socialMedia } } );\n  },\n\n  'users.follow': (_id) => {\n    check(_id, String);\n\n    if (!Meteor.user()) {\n      throw new Meteor.Error(401, 'You need to be signed in to continue');\n    }\n    if (Meteor.userId() === _id) {\n      throw new Meteor.Error(422, 'You can not follow yourself');\n    }\n\n    Meteor.users.update({ _id: Meteor.userId() }, { $addToSet: { followingIds: _id } });\n  },\n\n  'users.unfollow': (_id) => {\n    check(_id, String);\n\n    if (!Meteor.user()) {\n      throw new Meteor.Error(401, 'You need to be signed in to continue');\n    }\n    if (Meteor.userId() === _id) {\n      throw new Meteor.Error(422, 'You can not unfollow yourself');\n    }\n\n    Meteor.users.update({ _id: Meteor.userId() }, { $pull: { followingIds: _id } });\n  }\n});\n"]},"hash":"d71459d3d668ed6605a5fda0c59d8c67c2dee06b"}
