{"metadata":{"modules":{"imports":[],"exports":{"exported":[],"specifiers":[]}},"usedHelpers":[]},"ignored":false,"code":"/* On navigation template created */\nTemplate.navigation.onCreated(function () {\n  var _this = this;\n\n  this.autorun(function () {\n    // Set subscriptions\n    _this.subscribe('messages.all');\n  });\n});\n\nTemplate.navigation.helpers({\n  activeIfRouteNameIs: function (routeName) {\n    if (FlowRouter.getRouteName() === routeName) {\n      return 'active';\n    }\n    return '';\n  },\n  getUnreadCount: function () {\n    var unreadMessageCount = 0;\n    var messages = Messages.find({ $or: [{ originatingFromId: Meteor.userId(), 'conversation.originatingFromDeleted': false }, { originatingToId: Meteor.userId(), 'conversation.originatingToDeleted': false }] }).forEach(function (msg) {\n      for (var x = 0; x < msg.conversation.length; x++) {\n        if (msg.conversation[x].to.userId === Meteor.userId() && !msg.conversation[x].to.read) {\n          unreadMessageCount++;\n        }\n      }\n    });\n\n    if (unreadMessageCount > 0) {\n      return '(' + unreadMessageCount + ')';\n    } else {\n      return '';\n    }\n  }\n});","ast":null,"map":{"version":3,"sources":["/client/views/shared/_navigation.js"],"names":[],"mappings":";AACA,QAAQ,CAAC,UAAU,CAAC,SAAS,CAAC,YAAW;;;AACvC,MAAI,CAAC,OAAO,CAAC,YAAM;;AAEjB,UAAK,SAAS,CAAC,cAAc,CAAC,CAAC;GAChC,CAAC,CAAC;CACJ,CAAC,CAAC;;AAEH,QAAQ,CAAC,UAAU,CAAC,OAAO,CAAC;AAC1B,qBAAmB,EAAE,UAAC,SAAS,EAAK;AAClC,QAAI,UAAU,CAAC,YAAY,EAAE,KAAK,SAAS,EAAE;AAC3C,aAAO,QAAQ,CAAC;KACjB;AACD,WAAO,EAAE,CAAC;GACX;AACD,gBAAc,EAAE,YAAM;AACpB,QAAI,kBAAkB,GAAG,CAAC,CAAC;AAC3B,QAAI,QAAQ,GAAG,QAAQ,CAAC,IAAI,CAAC,EAAC,GAAG,EAAE,CAAC,EAAE,iBAAiB,EAAE,MAAM,CAAC,MAAM,EAAE,EAAE,qCAAqC,EAAE,KAAK,EAAE,EAAE,EAAC,eAAe,EAAE,MAAM,CAAC,MAAM,EAAE,EAAE,mCAAmC,EAAE,KAAK,EAAC,CAAC,EAAC,CAAC,CAAC,OAAO,CAAC,UAAS,GAAG,EAAE;AAChO,WAAK,IAAI,CAAC,GAAG,CAAC,EAAE,CAAC,GAAG,GAAG,CAAC,YAAY,CAAC,MAAM,EAAE,CAAC,EAAE,EAAE;AAChD,YAAI,GAAG,CAAC,YAAY,CAAC,CAAC,CAAC,CAAC,EAAE,CAAC,MAAM,KAAK,MAAM,CAAC,MAAM,EAAE,IAAI,CAAC,GAAG,CAAC,YAAY,CAAC,CAAC,CAAC,CAAC,EAAE,CAAC,IAAI,EAAE;AACrF,4BAAkB,EAAE,CAAC;SACtB;OACF;KACF,CAAC,CAAC;;AAEH,QAAI,kBAAkB,GAAG,CAAC,EAAE;AAC1B,aAAQ,GAAG,GAAG,kBAAkB,GAAG,GAAG,CAAE;KACzC,MAAM;AACL,aAAO,EAAE,CAAC;KACX;GACF;CACF,CAAC,CAAC","file":"/client/views/shared/_navigation.js.map","sourcesContent":["/* On navigation template created */\nTemplate.navigation.onCreated(function() {\n  this.autorun(() => {\n    // Set subscriptions\n    this.subscribe('messages.all');\n  });\n});\n\nTemplate.navigation.helpers({\n  activeIfRouteNameIs: (routeName) => {\n    if (FlowRouter.getRouteName() === routeName) {\n      return 'active';\n    }\n    return '';\n  },\n  getUnreadCount: () => {\n    let unreadMessageCount = 0;\n    let messages = Messages.find({$or: [{ originatingFromId: Meteor.userId(), 'conversation.originatingFromDeleted': false }, {originatingToId: Meteor.userId(), 'conversation.originatingToDeleted': false}]}).forEach(function(msg) {\n      for (let x = 0; x < msg.conversation.length; x++) {\n        if (msg.conversation[x].to.userId === Meteor.userId() && !msg.conversation[x].to.read) {\n          unreadMessageCount++;\n        }\n      }\n    });\n\n    if (unreadMessageCount > 0) {\n      return ('(' + unreadMessageCount + ')');\n    } else {\n      return '';\n    }\n  }\n});\n"]},"hash":"e780538cf8b08c87015521108710245a3e96f2b4"}
