{"metadata":{"modules":{"imports":[],"exports":{"exported":[],"specifiers":[]}},"usedHelpers":[]},"ignored":false,"code":"Template.review.events({\n    'click [data-id=remove-review]': function (event, template) {\n        var self = this;\n\n        // Sweet Alert delete confirmation\n        swal({\n            title: 'Delete review?',\n            text: 'Are you sure that you want to delete this review?',\n            type: 'error',\n            showCancelButton: true,\n            closeOnConfirm: true,\n            cancelButtonText: 'No',\n            confirmButtonText: 'Yes, delete it!',\n            confirmButtonColor: '#da5347'\n        }, function () {\n            Meteor.call('reviews.remove', self._id, function (error, result) {\n                if (error) {\n                    Bert.alert(error.reason, 'danger', 'growl-top-right');\n                } else {\n                    Bert.alert('Review successfully removed', 'success', 'growl-top-right');\n                }\n            });\n        });\n    }\n});\n\nTemplate.review.helpers({\n    author: function () {\n        return Meteor.users.findOne({ _id: this.authorId });\n    },\n\n    belongsReviewToUser: function () {\n        return this.authorId === Meteor.userId();\n    },\n    formatDate: function (date) {\n        var currDate = moment(new Date()),\n            msgDate = moment(new Date(date));\n\n        var diff = currDate.diff(msgDate, 'days');\n\n        if (diff === 0 && currDate.day() === msgDate.day()) {\n            var hourDiff = currDate.diff(msgDate, 'hours'),\n                minDiff = currDate.diff(msgDate, 'minutes');\n            if (hourDiff > 0) {\n                if (hourDiff === 1) {\n                    return hourDiff + ' hr';\n                } else {\n                    return hourDiff + ' hrs';\n                }\n            } else if (minDiff > 0) {\n                if (minDiff === 1) {\n                    return minDiff + ' min';\n                } else {\n                    return minDiff + ' mins';\n                }\n            } else {\n                return 'Just now';\n            }\n        } else if (diff <= 1 && currDate.day() !== msgDate.day()) {\n            return 'Yesterday at ' + moment(date).format('h:mm a');\n        } else {\n            if (currDate.year() !== msgDate.year()) {\n                return moment(date).format('MMMM DD, YYYY');\n            } else {\n                return moment(date).format('MMMM DD') + ' at ' + moment(date).format('h:mm a');\n            }\n        }\n    }\n});","ast":null,"map":{"version":3,"sources":["/client/views/shared/review.js"],"names":[],"mappings":"AAAA,QAAQ,CAAC,MAAM,CAAC,MAAM,CAAC;AACnB,mCAA+B,EAAE,UAAS,KAAK,EAAE,QAAQ,EAAE;AACvD,YAAI,IAAI,GAAG,IAAI,CAAC;;;AAGhB,YAAI,CAAC;AACD,iBAAK,EAAE,gBAAgB;AACvB,gBAAI,EAAE,mDAAmD;AACzD,gBAAI,EAAE,OAAO;AACb,4BAAgB,EAAE,IAAI;AACtB,0BAAc,EAAE,IAAI;AACpB,4BAAgB,EAAE,IAAI;AACtB,6BAAiB,EAAE,iBAAiB;AACpC,8BAAkB,EAAE,SAAS;SAChC,EAAE,YAAW;AACV,kBAAM,CAAC,IAAI,CAAC,gBAAgB,EAAE,IAAI,CAAC,GAAG,EAAE,UAAC,KAAK,EAAE,MAAM,EAAK;AACvD,oBAAI,KAAK,EAAE;AACP,wBAAI,CAAC,KAAK,CAAC,KAAK,CAAC,MAAM,EAAE,QAAQ,EAAE,iBAAiB,CAAC,CAAC;iBACzD,MAAM;AACH,wBAAI,CAAC,KAAK,CAAC,6BAA6B,EAAE,SAAS,EAAE,iBAAiB,CAAC,CAAC;iBACnF;aACA,CAAC,CAAC;SACF,CAAC,CAAC;KACN;CACJ,CAAC,CAAC;;AAEH,QAAQ,CAAC,MAAM,CAAC,OAAO,CAAC;AACpB,UAAM,EAAE,YAAW;AACf,eAAO,MAAM,CAAC,KAAK,CAAC,OAAO,CAAC,EAAE,GAAG,EAAE,IAAI,CAAC,QAAQ,EAAE,CAAC,CAAC;KACvD;;AAED,uBAAmB,EAAE,YAAW;AAC5B,eAAO,IAAI,CAAC,QAAQ,KAAK,MAAM,CAAC,MAAM,EAAE,CAAC;KAC5C;AACD,cAAU,EAAE,UAAS,IAAI,EAAE;AACvB,YAAI,QAAQ,GAAG,MAAM,CAAC,IAAI,IAAI,EAAE,CAAC;YAC7B,OAAO,GAAG,MAAM,CAAC,IAAI,IAAI,CAAC,IAAI,CAAC,CAAC,CAAC;;AAErC,YAAI,IAAI,GAAG,QAAQ,CAAC,IAAI,CAAC,OAAO,EAAE,MAAM,CAAC,CAAC;;AAE1C,YAAI,IAAI,KAAK,CAAC,IAAI,QAAQ,CAAC,GAAG,EAAE,KAAK,OAAO,CAAC,GAAG,EAAE,EAAE;AAChD,gBAAI,QAAQ,GAAG,QAAQ,CAAC,IAAI,CAAC,OAAO,EAAE,OAAO,CAAC;gBAC1C,OAAO,GAAG,QAAQ,CAAC,IAAI,CAAC,OAAO,EAAE,SAAS,CAAC,CAAC;AAChD,gBAAI,QAAQ,GAAG,CAAC,EAAE;AACd,oBAAI,QAAQ,KAAK,CAAC,EAAE;AAChB,2BAAQ,QAAQ,GAAG,KAAK,CAAE;iBAC7B,MAAM;AACH,2BAAQ,QAAQ,GAAG,MAAM,CAAE;iBAC9B;aACJ,MAAM,IAAI,OAAO,GAAG,CAAC,EAAE;AACpB,oBAAI,OAAO,KAAK,CAAC,EAAE;AACf,2BAAQ,OAAO,GAAG,MAAM,CAAE;iBAC7B,MAAM;AACH,2BAAQ,OAAO,GAAG,OAAO,CAAE;iBAC9B;aACJ,MAAM;AACH,uBAAO,UAAU,CAAC;aACrB;SACJ,MAAM,IAAI,IAAI,IAAI,CAAC,IAAI,QAAQ,CAAC,GAAG,EAAE,KAAK,OAAO,CAAC,GAAG,EAAE,EAAE;AACtD,mBAAQ,eAAe,GAAG,MAAM,CAAC,IAAI,CAAC,CAAC,MAAM,CAAC,QAAQ,CAAC,CAAE;SAC5D,MAAM;AACH,gBAAI,QAAQ,CAAC,IAAI,EAAE,KAAK,OAAO,CAAC,IAAI,EAAE,EAAE;AACpC,uBAAO,MAAM,CAAC,IAAI,CAAC,CAAC,MAAM,CAAC,eAAe,CAAC,CAAC;aAC/C,MAAM;AACH,uBAAQ,MAAM,CAAC,IAAI,CAAC,CAAC,MAAM,CAAC,SAAS,CAAC,GAAG,MAAM,GAAG,MAAM,CAAC,IAAI,CAAC,CAAC,MAAM,CAAC,QAAQ,CAAC,CAAE;aACpF;SACJ;KACJ;CACJ,CAAC,CAAC","file":"/client/views/shared/review.js.map","sourcesContent":["Template.review.events({\r\n    'click [data-id=remove-review]': function(event, template) {\r\n        let self = this;\r\n\r\n        // Sweet Alert delete confirmation\r\n        swal({\r\n            title: 'Delete review?',\r\n            text: 'Are you sure that you want to delete this review?',\r\n            type: 'error',\r\n            showCancelButton: true,\r\n            closeOnConfirm: true,\r\n            cancelButtonText: 'No',\r\n            confirmButtonText: 'Yes, delete it!',\r\n            confirmButtonColor: '#da5347'\r\n        }, function() {\r\n            Meteor.call('reviews.remove', self._id, (error, result) => {\r\n                if (error) {\r\n                    Bert.alert(error.reason, 'danger', 'growl-top-right');\r\n                } else {\r\n                    Bert.alert('Review successfully removed', 'success', 'growl-top-right');\r\n        }\r\n        });\r\n        });\r\n    }\r\n});\r\n\r\nTemplate.review.helpers({\r\n    author: function() {\r\n        return Meteor.users.findOne({ _id: this.authorId });\r\n    },\r\n\r\n    belongsReviewToUser: function() {\r\n        return this.authorId === Meteor.userId();\r\n    },\r\n    formatDate: function(date) {\r\n        let currDate = moment(new Date()),\r\n            msgDate = moment(new Date(date));\r\n\r\n        let diff = currDate.diff(msgDate, 'days');\r\n\r\n        if (diff === 0 && currDate.day() === msgDate.day()) {\r\n            let hourDiff = currDate.diff(msgDate, 'hours'),\r\n                minDiff = currDate.diff(msgDate, 'minutes');\r\n            if (hourDiff > 0) {\r\n                if (hourDiff === 1) {\r\n                    return (hourDiff + ' hr');\r\n                } else {\r\n                    return (hourDiff + ' hrs');\r\n                }\r\n            } else if (minDiff > 0) {\r\n                if (minDiff === 1) {\r\n                    return (minDiff + ' min');\r\n                } else {\r\n                    return (minDiff + ' mins');\r\n                }\r\n            } else {\r\n                return 'Just now';\r\n            }\r\n        } else if (diff <= 1 && currDate.day() !== msgDate.day()) {\r\n            return ('Yesterday at ' + moment(date).format('h:mm a'));\r\n        } else {\r\n            if (currDate.year() !== msgDate.year()) {\r\n                return moment(date).format('MMMM DD, YYYY');\r\n            } else {\r\n                return (moment(date).format('MMMM DD') + ' at ' + moment(date).format('h:mm a'));\r\n            }\r\n        }\r\n    }\r\n});\r\n"]},"hash":"ebef30d0a7340481ef8306b153afd14d52857c3c"}
