{"metadata":{"modules":{"imports":[],"exports":{"exported":[],"specifiers":[]}},"usedHelpers":["class-call-check"]},"ignored":false,"code":"var BertAlert = (function () {\n  function BertAlert() {\n    babelHelpers.classCallCheck(this, BertAlert);\n\n    this.styles = ['fixed-top', 'fixed-bottom', 'growl-top-left', 'growl-top-right', 'growl-bottom-left', 'growl-bottom-right'];\n\n    this.types = ['default', 'success', 'info', 'warning', 'danger'];\n\n    this.icons = {\n      'default': 'fa-bell',\n      success: 'fa-check',\n      info: 'fa-info',\n      warning: 'fa-warning',\n      danger: 'fa-remove'\n    };\n\n    this.defaults = {\n      hideDelay: 3500,\n      style: 'fixed-top',\n      type: 'default'\n    };\n  }\n\n  BertAlert.prototype.alert = (function () {\n    function alert() {\n      var _this = this,\n          _arguments = arguments;\n\n      if (this.isVisible()) {\n        this.hide();\n        setTimeout(function () {\n          _this.handleAlert(_arguments);\n        }, 300);\n      } else {\n        this.handleAlert(arguments);\n      }\n    }\n\n    return alert;\n  })();\n\n  BertAlert.prototype.isVisible = (function () {\n    function isVisible() {\n      return $('.bert-alert').hasClass('show');\n    }\n\n    return isVisible;\n  })();\n\n  BertAlert.prototype.handleAlert = (function () {\n    function handleAlert(alert) {\n      var _this2 = this;\n\n      this.registerClickHandler();\n      this.setBertOnSession(alert);\n      setTimeout(function () {\n        _this2.show();\n      }, 20);\n      this.bertTimer();\n    }\n\n    return handleAlert;\n  })();\n\n  BertAlert.prototype.registerClickHandler = (function () {\n    function registerClickHandler() {\n      var _this3 = this;\n\n      $('.bert-alert').off('click');\n      $('.bert-alert').on('click', function () {\n        _this3.hide();\n      });\n    }\n\n    return registerClickHandler;\n  })();\n\n  BertAlert.prototype.bertTimer = (function () {\n    function bertTimer() {\n      var _this4 = this;\n\n      clearTimeout(this.timer);\n      this.timer = setTimeout(function () {\n        _this4.hide();\n      }, this.defaults.hideDelay);\n      return this.timer;\n    }\n\n    return bertTimer;\n  })();\n\n  BertAlert.prototype.show = (function () {\n    function show() {\n      $('.bert-alert').addClass('show').delay(25).queue(function () {\n        $('.bert-alert').addClass('animate').dequeue();\n      });\n    }\n\n    return show;\n  })();\n\n  BertAlert.prototype.hide = (function () {\n    function hide() {\n      $('.bert-alert').removeClass('animate');\n      setTimeout(function () {\n        $('.bert-alert').removeClass('show');\n        Session.set('bertAlert', null);\n      }, 300);\n    }\n\n    return hide;\n  })();\n\n  BertAlert.prototype.setBertOnSession = (function () {\n    function setBertOnSession(alert) {\n      if (typeof alert[0] === 'object') {\n        var type = alert[0].type || this.defaults.type;\n\n        Session.set('bertAlert', {\n          title: alert[0].title || \"\",\n          message: alert[0].message || \"\",\n          type: type,\n          style: alert[0].style || this.defaults.style,\n          icon: alert[0].icon || this.icons[type]\n        });\n      } else {\n        var type = alert[1] || this.defaults.type;\n\n        Session.set('bertAlert', {\n          message: alert[0] || \"\",\n          type: type,\n          style: alert[2] || this.defaults.style,\n          icon: alert[3] || this.icons[type]\n        });\n      }\n    }\n\n    return setBertOnSession;\n  })();\n\n  return BertAlert;\n})();\n\nBert = new BertAlert();","ast":null,"map":{"version":3,"sources":["/bert.js"],"names":[],"mappings":"IAAM,SAAS;AACF,WADP,SAAS,GACC;sCADV,SAAS;;AAEX,QAAI,CAAC,MAAM,GAAG,CACZ,WAAW,EACX,cAAc,EACd,gBAAgB,EAChB,iBAAiB,EACjB,mBAAmB,EACnB,oBAAoB,CACrB,CAAC;;AAEF,QAAI,CAAC,KAAK,GAAG,CACX,SAAS,EACT,SAAS,EACT,MAAM,EACN,SAAS,EACT,QAAQ,CACT,CAAC;;AAEF,QAAI,CAAC,KAAK,GAAG;AACX,iBAAS,SAAS;AAClB,aAAO,EAAE,UAAU;AACnB,UAAI,EAAE,SAAS;AACf,aAAO,EAAE,YAAY;AACrB,YAAM,EAAE,WAAW;KACpB,CAAC;;AAEF,QAAI,CAAC,QAAQ,GAAG;AACd,eAAS,EAAE,IAAI;AACf,WAAK,EAAE,WAAW;AAClB,UAAI,EAAE,SAAS;KAChB,CAAC;GACH;;AAhCG,WAAS,WAkCb,KAAK;AAAA,qBAAG;;;;AACN,UAAK,IAAI,CAAC,SAAS,EAAE,EAAG;AACtB,YAAI,CAAC,IAAI,EAAE,CAAC;AACZ,kBAAU,CAAE,YAAM;AAAE,gBAAK,WAAW,YAAa,CAAC;SAAE,EAAE,GAAG,CAAE,CAAC;OAC7D,MAAM;AACL,YAAI,CAAC,WAAW,CAAE,SAAS,CAAE,CAAC;OAC/B;KACF;;;;;AAzCG,WAAS,WA2Cb,SAAS;AAAA,yBAAG;AACV,aAAO,CAAC,CAAE,aAAa,CAAE,CAAC,QAAQ,CAAE,MAAM,CAAE,CAAC;KAC9C;;;;;AA7CG,WAAS,WA+Cb,WAAW;AAAA,yBAAE,KAAK,EAAG;;;AACnB,UAAI,CAAC,oBAAoB,EAAE,CAAC;AAC5B,UAAI,CAAC,gBAAgB,CAAE,KAAK,CAAE,CAAC;AAC/B,gBAAU,CAAE,YAAM;AAAE,eAAK,IAAI,EAAE,CAAC;OAAE,EAAE,EAAE,CAAE,CAAC;AACzC,UAAI,CAAC,SAAS,EAAE,CAAC;KAClB;;;;;AApDG,WAAS,WAsDb,oBAAoB;AAAA,oCAAG;;;AACrB,OAAC,CAAE,aAAa,CAAE,CAAC,GAAG,CAAE,OAAO,CAAE,CAAC;AAClC,OAAC,CAAE,aAAa,CAAE,CAAC,EAAE,CAAE,OAAO,EAAE,YAAM;AAAE,eAAK,IAAI,EAAE,CAAC;OAAE,CAAE,CAAC;KAC1D;;;;;AAzDG,WAAS,WA2Db,SAAS;AAAA,yBAAG;;;AACV,kBAAY,CAAE,IAAI,CAAC,KAAK,CAAE,CAAC;AAC3B,UAAI,CAAC,KAAK,GAAG,UAAU,CAAE,YAAM;AAAE,eAAK,IAAI,EAAE,CAAC;OAAE,EAAE,IAAI,CAAC,QAAQ,CAAC,SAAS,CAAE,CAAC;AAC3E,aAAO,IAAI,CAAC,KAAK,CAAC;KACnB;;;;;AA/DG,WAAS,WAiEb,IAAI;AAAA,oBAAG;AACL,OAAC,CAAE,aAAa,CAAE,CAAC,QAAQ,CAAE,MAAM,CAAE,CAAC,KAAK,CAAE,EAAE,CAAE,CAAC,KAAK,CAAE,YAAM;AAC7D,SAAC,CAAE,aAAa,CAAE,CAAC,QAAQ,CAAE,SAAS,CAAE,CAAC,OAAO,EAAE,CAAC;OACpD,CAAC,CAAC;KACJ;;;;;AArEG,WAAS,WAuEb,IAAI;AAAA,oBAAG;AACL,OAAC,CAAE,aAAa,CAAE,CAAC,WAAW,CAAE,SAAS,CAAE,CAAC;AAC5C,gBAAU,CAAE,YAAM;AAChB,SAAC,CAAE,aAAa,CAAE,CAAC,WAAW,CAAE,MAAM,CAAE,CAAC;AACzC,eAAO,CAAC,GAAG,CAAE,WAAW,EAAE,IAAI,CAAE,CAAC;OAClC,EAAE,GAAG,CAAE,CAAC;KACV;;;;;AA7EG,WAAS,WA+Eb,gBAAgB;AAAA,8BAAE,KAAK,EAAG;AACxB,UAAK,OAAO,KAAK,CAAC,CAAC,CAAC,KAAK,QAAQ,EAAG;AAClC,YAAI,IAAI,GAAG,KAAK,CAAC,CAAC,CAAC,CAAC,IAAI,IAAI,IAAI,CAAC,QAAQ,CAAC,IAAI,CAAC;;AAE/C,eAAO,CAAC,GAAG,CAAE,WAAW,EAAE;AACxB,eAAK,EAAE,KAAK,CAAC,CAAC,CAAC,CAAC,KAAK,IAAI,EAAE;AAC3B,iBAAO,EAAE,KAAK,CAAC,CAAC,CAAC,CAAC,OAAO,IAAI,EAAE;AAC/B,cAAI,EAAE,IAAI;AACV,eAAK,EAAE,KAAK,CAAC,CAAC,CAAC,CAAC,KAAK,IAAI,IAAI,CAAC,QAAQ,CAAC,KAAK;AAC5C,cAAI,EAAE,KAAK,CAAC,CAAC,CAAC,CAAC,IAAI,IAAI,IAAI,CAAC,KAAK,CAAE,IAAI,CAAE;SAC1C,CAAC,CAAC;OACJ,MAAM;AACL,YAAI,IAAI,GAAG,KAAK,CAAC,CAAC,CAAC,IAAI,IAAI,CAAC,QAAQ,CAAC,IAAI,CAAC;;AAE1C,eAAO,CAAC,GAAG,CAAE,WAAW,EAAE;AACxB,iBAAO,EAAE,KAAK,CAAC,CAAC,CAAC,IAAI,EAAE;AACvB,cAAI,EAAE,IAAI;AACV,eAAK,EAAE,KAAK,CAAC,CAAC,CAAC,IAAI,IAAI,CAAC,QAAQ,CAAC,KAAK;AACtC,cAAI,EAAE,KAAK,CAAC,CAAC,CAAC,IAAI,IAAI,CAAC,KAAK,CAAE,IAAI,CAAE;SACrC,CAAC,CAAC;OACJ;KACF;;;;;SApGG,SAAS;;;AAuGf,IAAI,GAAG,IAAI,SAAS,EAAE,CAAC","file":"/bert.js.map","sourcesContent":["class BertAlert {\n  constructor() {\n    this.styles = [\n      'fixed-top',\n      'fixed-bottom',\n      'growl-top-left',\n      'growl-top-right',\n      'growl-bottom-left',\n      'growl-bottom-right'\n    ];\n\n    this.types = [\n      'default',\n      'success',\n      'info',\n      'warning',\n      'danger'\n    ];\n\n    this.icons = {\n      default: 'fa-bell',\n      success: 'fa-check',\n      info: 'fa-info',\n      warning: 'fa-warning',\n      danger: 'fa-remove'\n    };\n\n    this.defaults = {\n      hideDelay: 3500,\n      style: 'fixed-top',\n      type: 'default'\n    };\n  }\n\n  alert() {\n    if ( this.isVisible() ) {\n      this.hide();\n      setTimeout( () => { this.handleAlert( arguments ); }, 300 );\n    } else {\n      this.handleAlert( arguments );\n    }\n  }\n\n  isVisible() {\n    return $( '.bert-alert' ).hasClass( 'show' );\n  }\n\n  handleAlert( alert ) {\n    this.registerClickHandler();\n    this.setBertOnSession( alert );\n    setTimeout( () => { this.show(); }, 20 );\n    this.bertTimer();\n  }\n\n  registerClickHandler() {\n    $( '.bert-alert' ).off( 'click' );\n    $( '.bert-alert' ).on( 'click', () => { this.hide(); } );\n  }\n\n  bertTimer() {\n    clearTimeout( this.timer );\n    this.timer = setTimeout( () => { this.hide(); }, this.defaults.hideDelay );\n    return this.timer;\n  }\n\n  show() {\n    $( '.bert-alert' ).addClass( 'show' ).delay( 25 ).queue( () => {\n      $( '.bert-alert' ).addClass( 'animate' ).dequeue();\n    });\n  }\n\n  hide() {\n    $( '.bert-alert' ).removeClass( 'animate' );\n    setTimeout( () => {\n      $( '.bert-alert' ).removeClass( 'show' );\n      Session.set( 'bertAlert', null );\n    }, 300 );\n  }\n\n  setBertOnSession( alert ) {\n    if ( typeof alert[0] === 'object' ) {\n      let type = alert[0].type || this.defaults.type;\n\n      Session.set( 'bertAlert', {\n        title: alert[0].title || \"\",\n        message: alert[0].message || \"\",\n        type: type,\n        style: alert[0].style || this.defaults.style,\n        icon: alert[0].icon || this.icons[ type ]\n      });\n    } else {\n      let type = alert[1] || this.defaults.type;\n\n      Session.set( 'bertAlert', {\n        message: alert[0] || \"\",\n        type: type,\n        style: alert[2] || this.defaults.style,\n        icon: alert[3] || this.icons[ type ]\n      });\n    }\n  }\n}\n\nBert = new BertAlert();\n"]},"hash":"eedbb9e35739b1d10ad7db8279f436fc7be0e19b"}
