{"metadata":{"modules":{"imports":[],"exports":{"exported":[],"specifiers":[]}},"usedHelpers":[]},"ignored":false,"code":"Template.reviews.onCreated(function () {\n    var _this = this;\n\n    this.searchQuery = new ReactiveVar('');\n    this.filter = new ReactiveVar('all');\n    this.limit = new ReactiveVar(20);\n    this.postsCount = new ReactiveVar(0);\n\n    this.autorun(function () {\n        _this.subscribe('posts.all', _this.searchQuery.get(), _this.filter.get(), _this.limit.get());\n        _this.subscribe('users.all', _this.searchQuery.get(), _this.limit.get());\n        _this.postsCount.set(Counts.get('posts.all'));\n    });\n});\n\nTemplate.reviews.onRendered(function () {\n    autosize($('[data-id=body]'));\n\n    // Set submit button to disabled since text field is empty\n    $('input[type=submit]').addClass('disabled');\n});\n\nTemplate.reviews.helpers({\n    posts: function () {\n        var instance = Template.instance();\n        if (instance.searchQuery.get()) {\n            return Posts.find({}, { sort: [['score', 'desc']] });\n        }\n        return Posts.find({}, { sort: { createdAt: -1 } });\n    },\n\n    activeIfFilterIs: function (filter) {\n        if (filter === Template.instance().filter.get()) {\n            return 'active';\n        }\n    },\n\n    hasMorePosts: function () {\n        return Template.instance().limit.get() <= Template.instance().postsCount.get();\n    },\n    // Settings for autocomplete in post field\n    settings: function () {\n        return {\n            position: 'bottom',\n            limit: 5,\n            rules: [{\n                token: '@',\n                collection: Meteor.users,\n                field: 'username',\n                template: Template.userList,\n                filter: { _id: { $ne: Meteor.userId() } }\n            }]\n        };\n    }\n});\n\nTemplate.reviews.events({\n    'keyup [data-id=body]': function (event, template) {\n        // If body section has text enable the submit button, else disable it\n        if (template.find('[data-id=body]').value.toString().trim() !== '') {\n            $('input[type=submit]').removeClass('disabled');\n        } else {\n            $('input[type=submit]').addClass('disabled');\n        }\n    },\n\n    'submit [data-id=insert-post-form]': function (event, template) {\n        event.preventDefault();\n\n        // Only continue if button isn't disabled\n        if (!$('input[type=submit]').hasClass('disabled')) {\n            Meteor.call('posts.insert', template.find('[data-id=body]').value, function (error, result) {\n                if (error) {\n                    Bert.alert(error.reason, 'danger', 'growl-top-right');\n                } else {\n                    Bert.alert('Post successfully submitted', 'success', 'growl-top-right');\n                    template.find('[data-id=body]').value = '';\n                    $('[data-id=body]').css('height', '39px');\n                    $('input[type=submit]').addClass('disabled');\n                }\n            });\n        }\n    },\n\n    'click [data-id=all]': function (event, template) {\n        template.filter.set('all');\n    },\n\n    'click [data-id=following]': function (events, template) {\n        template.filter.set('following');\n    },\n\n    'click [data-id=load-more]': function (event, template) {\n        template.limit.set(template.limit.get() + 20);\n    },\n\n    'keyup [data-id=search-query]': _.debounce(function (event, template) {\n        event.preventDefault();\n        template.searchQuery.set(template.find('[data-id=search-query]').value);\n        template.limit.set(20);\n    }, 300),\n\n    'submit [data-id=search-posts-form]': function (event, template) {\n        event.preventDefault();\n    }\n});","ast":null,"map":{"version":3,"sources":["/client/views/reviews.js"],"names":[],"mappings":"AAAA,QAAQ,CAAC,OAAO,CAAC,SAAS,CAAC,YAAW;;;AAClC,QAAI,CAAC,WAAW,GAAG,IAAI,WAAW,CAAC,EAAE,CAAC,CAAC;AACvC,QAAI,CAAC,MAAM,GAAG,IAAI,WAAW,CAAC,KAAK,CAAC,CAAC;AACrC,QAAI,CAAC,KAAK,GAAG,IAAI,WAAW,CAAC,EAAE,CAAC,CAAC;AACjC,QAAI,CAAC,UAAU,GAAG,IAAI,WAAW,CAAC,CAAC,CAAC,CAAC;;AAErC,QAAI,CAAC,OAAO,CAAC,YAAM;AACf,cAAK,SAAS,CAAC,WAAW,EAAE,MAAK,WAAW,CAAC,GAAG,EAAE,EAAE,MAAK,MAAM,CAAC,GAAG,EAAE,EAAE,MAAK,KAAK,CAAC,GAAG,EAAE,CAAC,CAAC;AAC7F,cAAK,SAAS,CAAC,WAAW,EAAE,MAAK,WAAW,CAAC,GAAG,EAAE,EAAE,MAAK,KAAK,CAAC,GAAG,EAAE,CAAC,CAAC;AACtE,cAAK,UAAU,CAAC,GAAG,CAAC,MAAM,CAAC,GAAG,CAAC,WAAW,CAAC,CAAC,CAAC;KAChD,CAAC,CAAC;CACF,CAAC,CAAC;;AAEH,QAAQ,CAAC,OAAO,CAAC,UAAU,CAAC,YAAM;AAC9B,YAAQ,CAAC,CAAC,CAAC,gBAAgB,CAAC,CAAC,CAAC;;;AAGlC,KAAC,CAAC,oBAAoB,CAAC,CAAC,QAAQ,CAAC,UAAU,CAAC,CAAC;CAC5C,CAAC,CAAC;;AAEH,QAAQ,CAAC,OAAO,CAAC,OAAO,CAAC;AACjB,SAAK,EAAE,YAAM;AACb,YAAM,QAAQ,GAAG,QAAQ,CAAC,QAAQ,EAAE,CAAC;AAC7C,YAAI,QAAQ,CAAC,WAAW,CAAC,GAAG,EAAE,EAAE;AAC5B,mBAAO,KAAK,CAAC,IAAI,CAAC,EAAE,EAAE,EAAE,IAAI,EAAE,CAAC,CAAC,OAAO,EAAE,MAAM,CAAC,CAAC,EAAE,CAAC,CAAC;SACxD;AACD,eAAO,KAAK,CAAC,IAAI,CAAC,EAAE,EAAE,EAAE,IAAI,EAAE,EAAE,SAAS,EAAE,CAAC,CAAC,EAAE,EAAE,CAAC,CAAC;KAClD;;AAED,oBAAgB,EAAE,UAAC,MAAM,EAAK;AAC1B,YAAI,MAAM,KAAK,QAAQ,CAAC,QAAQ,EAAE,CAAC,MAAM,CAAC,GAAG,EAAE,EAAE;AAC7C,mBAAO,QAAQ,CAAC;SACnB;KACJ;;AAED,gBAAY,EAAE,YAAM;AAChB,eAAO,QAAQ,CAAC,QAAQ,EAAE,CAAC,KAAK,CAAC,GAAG,EAAE,IAAI,QAAQ,CAAC,QAAQ,EAAE,CAAC,UAAU,CAAC,GAAG,EAAE,CAAC;KAClF;;AAED,YAAQ,EAAE,YAAM;AACZ,eAAO;AACH,oBAAQ,EAAE,QAAQ;AAClB,iBAAK,EAAE,CAAC;AACR,iBAAK,EAAE,CAAC;AACJ,qBAAK,EAAE,GAAG;AACV,0BAAU,EAAE,MAAM,CAAC,KAAK;AACxB,qBAAK,EAAE,UAAU;AACjB,wBAAQ,EAAE,QAAQ,CAAC,QAAQ;AAC3B,sBAAM,EAAE,EAAE,GAAG,EAAE,EAAE,GAAG,EAAE,MAAM,CAAC,MAAM,EAAE,EAAE,EAAC;aAC3C,CAAC;SACL,CAAC;KACL;CACA,CAAC,CAAC;;AAEH,QAAQ,CAAC,OAAO,CAAC,MAAM,CAAC;AAChB,0BAAsB,EAAE,UAAC,KAAK,EAAE,QAAQ,EAAK;;AAE7C,YAAI,QAAQ,CAAC,IAAI,CAAC,gBAAgB,CAAC,CAAC,KAAK,CAAC,QAAQ,EAAE,CAAC,IAAI,EAAE,KAAK,EAAE,EAAE;AACxE,aAAC,CAAC,oBAAoB,CAAC,CAAC,WAAW,CAAC,UAAU,CAAC,CAAC;SACnD,MAAM;AACH,aAAC,CAAC,oBAAoB,CAAC,CAAC,QAAQ,CAAC,UAAU,CAAC,CAAC;SAChD;KACA;;AAED,uCAAmC,EAAE,UAAC,KAAK,EAAE,QAAQ,EAAK;AACtD,aAAK,CAAC,cAAc,EAAE,CAAC;;;AAGvB,YAAI,CAAC,CAAC,CAAC,oBAAoB,CAAC,CAAC,QAAQ,CAAC,UAAU,CAAC,EAAE;AAC/C,kBAAM,CAAC,IAAI,CAAC,cAAc,EAAE,QAAQ,CAAC,IAAI,CAAC,gBAAgB,CAAC,CAAC,KAAK,EAAE,UAAC,KAAK,EAAE,MAAM,EAAK;AAClF,oBAAI,KAAK,EAAE;AACP,wBAAI,CAAC,KAAK,CAAC,KAAK,CAAC,MAAM,EAAE,QAAQ,EAAE,iBAAiB,CAAC,CAAC;iBACzD,MAAM;AACH,wBAAI,CAAC,KAAK,CAAC,6BAA6B,EAAE,SAAS,EAAE,iBAAiB,CAAC,CAAC;AAChF,4BAAQ,CAAC,IAAI,CAAC,gBAAgB,CAAC,CAAC,KAAK,GAAG,EAAE,CAAC;AAC3C,qBAAC,CAAC,gBAAgB,CAAC,CAAC,GAAG,CAAC,QAAQ,EAAE,MAAM,CAAC,CAAC;AAC1C,qBAAC,CAAC,oBAAoB,CAAC,CAAC,QAAQ,CAAC,UAAU,CAAC,CAAC;iBAChD;aACA,CAAC,CAAC;SACF;KACJ;;AAED,yBAAqB,EAAE,UAAC,KAAK,EAAE,QAAQ,EAAK;AACxC,gBAAQ,CAAC,MAAM,CAAC,GAAG,CAAC,KAAK,CAAC,CAAC;KAC9B;;AAED,+BAA2B,EAAE,UAAC,MAAM,EAAE,QAAQ,EAAK;AAC/C,gBAAQ,CAAC,MAAM,CAAC,GAAG,CAAC,WAAW,CAAC,CAAC;KACpC;;AAED,+BAA2B,EAAE,UAAC,KAAK,EAAE,QAAQ,EAAK;AAC9C,gBAAQ,CAAC,KAAK,CAAC,GAAG,CAAC,QAAQ,CAAC,KAAK,CAAC,GAAG,EAAE,GAAG,EAAE,CAAC,CAAC;KACjD;;AAED,kCAA8B,EAAE,CAAC,CAAC,QAAQ,CAAC,UAAC,KAAK,EAAE,QAAQ,EAAK;AAC5D,aAAK,CAAC,cAAc,EAAE,CAAC;AAC3B,gBAAQ,CAAC,WAAW,CAAC,GAAG,CAAC,QAAQ,CAAC,IAAI,CAAC,wBAAwB,CAAC,CAAC,KAAK,CAAC,CAAC;AACxE,gBAAQ,CAAC,KAAK,CAAC,GAAG,CAAC,EAAE,CAAC,CAAC;KACtB,EAAE,GAAG,CAAC;;AAEP,wCAAoC,EAAE,UAAC,KAAK,EAAE,QAAQ,EAAK;AACvD,aAAK,CAAC,cAAc,EAAE,CAAC;KAC1B;CACA,CAAC,CAAC","file":"/client/views/reviews.js.map","sourcesContent":["Template.reviews.onCreated(function() {\r\n    this.searchQuery = new ReactiveVar('');\r\n    this.filter = new ReactiveVar('all');\r\n    this.limit = new ReactiveVar(20);\r\n    this.postsCount = new ReactiveVar(0);\r\n\r\n    this.autorun(() => {\r\n        this.subscribe('posts.all', this.searchQuery.get(), this.filter.get(), this.limit.get());\r\n    this.subscribe('users.all', this.searchQuery.get(), this.limit.get());\r\n    this.postsCount.set(Counts.get('posts.all'));\r\n});\r\n});\r\n\r\nTemplate.reviews.onRendered(() => {\r\n    autosize($('[data-id=body]'));\r\n\r\n// Set submit button to disabled since text field is empty\r\n$('input[type=submit]').addClass('disabled');\r\n});\r\n\r\nTemplate.reviews.helpers({\r\n        posts: () => {\r\n        const instance = Template.instance();\r\nif (instance.searchQuery.get()) {\r\n    return Posts.find({}, { sort: [['score', 'desc']] });\r\n}\r\nreturn Posts.find({}, { sort: { createdAt: -1 } });\r\n},\r\n\r\nactiveIfFilterIs: (filter) => {\r\n    if (filter === Template.instance().filter.get()) {\r\n        return 'active';\r\n    }\r\n},\r\n\r\nhasMorePosts: () => {\r\n    return Template.instance().limit.get() <= Template.instance().postsCount.get();\r\n},\r\n// Settings for autocomplete in post field\r\nsettings: () => {\r\n    return {\r\n        position: 'bottom',\r\n        limit: 5,\r\n        rules: [{\r\n            token: '@',\r\n            collection: Meteor.users,\r\n            field: 'username',\r\n            template: Template.userList,\r\n            filter: { _id: { $ne: Meteor.userId() }}\r\n        }]\r\n    };\r\n}\r\n});\r\n\r\nTemplate.reviews.events({\r\n        'keyup [data-id=body]': (event, template) => {\r\n        // If body section has text enable the submit button, else disable it\r\n        if (template.find('[data-id=body]').value.toString().trim() !== '') {\r\n    $('input[type=submit]').removeClass('disabled');\r\n} else {\r\n    $('input[type=submit]').addClass('disabled');\r\n}\r\n},\r\n\r\n'submit [data-id=insert-post-form]': (event, template) => {\r\n    event.preventDefault();\r\n\r\n    // Only continue if button isn't disabled\r\n    if (!$('input[type=submit]').hasClass('disabled')) {\r\n        Meteor.call('posts.insert', template.find('[data-id=body]').value, (error, result) => {\r\n            if (error) {\r\n                Bert.alert(error.reason, 'danger', 'growl-top-right');\r\n            } else {\r\n                Bert.alert('Post successfully submitted', 'success', 'growl-top-right');\r\n        template.find('[data-id=body]').value = '';\r\n        $('[data-id=body]').css('height', '39px');\r\n        $('input[type=submit]').addClass('disabled');\r\n    }\r\n    });\r\n    }\r\n},\r\n\r\n'click [data-id=all]': (event, template) => {\r\n    template.filter.set('all');\r\n},\r\n\r\n'click [data-id=following]': (events, template) => {\r\n    template.filter.set('following');\r\n},\r\n\r\n'click [data-id=load-more]': (event, template) => {\r\n    template.limit.set(template.limit.get() + 20);\r\n},\r\n\r\n'keyup [data-id=search-query]': _.debounce((event, template) => {\r\n    event.preventDefault();\r\ntemplate.searchQuery.set(template.find('[data-id=search-query]').value);\r\ntemplate.limit.set(20);\r\n}, 300),\r\n\r\n'submit [data-id=search-posts-form]': (event, template) => {\r\n    event.preventDefault();\r\n}\r\n});\r\n"]},"hash":"fc177c640b10c83a7873e57e7e35eb9d323cbc9b"}
